solid capsule
  facet normal 5.899093e-02 5.810100e-03 -9.982416e-01
    outer loop
      vertex 0.000000e+00 0.000000e+00 -6.000000e-01
      vertex 1.913417e-01 3.806023e-02 -5.884712e-01
      vertex 1.950903e-01 0.000000e+00 -5.884712e-01
    endloop
  endfacet
  facet normal 5.672394e-02 1.720702e-02 -9.982416e-01
    outer loop
      vertex 0.000000e+00 0.000000e+00 -6.000000e-01
      vertex 1.802400e-01 7.465783e-02 -5.884712e-01
      vertex 1.913417e-01 3.806023e-02 -5.884712e-01
    endloop
  endfacet
  facet normal 5.227708e-02 2.794268e-02 -9.982416e-01
    outer loop
      vertex 0.000000e+00 0.000000e+00 -6.000000e-01
      vertex 1.622117e-01 1.083864e-01 -5.884712e-01
      vertex 1.802400e-01 7.465783e-02 -5.884712e-01
    endloop
  endfacet
  facet normal 4.582125e-02 3.760453e-02 -9.982416e-01
    outer loop
      vertex 0.000000e+00 0.000000e+00 -6.000000e-01
      vertex 1.379497e-01 1.379497e-01 -5.884712e-01
      vertex 1.622117e-01 1.083864e-01 -5.884712e-01
    endloop
  endfacet
  facet normal 3.760453e-02 4.582125e-02 -9.982416e-01
    outer loop
      vertex 0.000000e+00 0.000000e+00 -6.000000e-01
      vertex 1.083864e-01 1.622117e-01 -5.884712e-01
      vertex 1.379497e-01 1.379497e-01 -5.884712e-01
    endloop
  endfacet
  facet normal 2.794268e-02 5.227708e-02 -9.982416e-01
    outer loop
      vertex 0.000000e+00 0.000000e+00 -6.000000e-01
      vertex 7.465783e-02 1.802400e-01 -5.884712e-01
      vertex 1.083864e-01 1.622117e-01 -5.884712e-01
    endloop
  endfacet
  facet normal 1.720702e-02 5.672394e-02 -9.982416e-01
    outer loop
      vertex 0.000000e+00 0.000000e+00 -6.000000e-01
      vertex 3.806023e-02 1.913417e-01 -5.884712e-01
      vertex 7.465783e-02 1.802400e-01 -5.884712e-01
    endloop
  endfacet
  facet normal 5.810100e-03 5.899093e-02 -9.982416e-01
    outer loop
      vertex 0.000000e+00 0.000000e+00 -6.000000e-01
      vertex 1.194584e-17 1.950903e-01 -5.884712e-01
      vertex 3.806023e-02 1.913417e-01 -5.884712e-01
    endloop
  endfacet
  facet normal -5.810100e-03 5.899093e-02 -9.982416e-01
    outer loop
      vertex 0.000000e+00 0.000000e+00 -6.000000e-01
      vertex -3.806023e-02 1.913417e-01 -5.884712e-01
      vertex 1.194584e-17 1.950903e-01 -5.884712e-01
    endloop
  endfacet
  facet normal -1.720702e-02 5.672394e-02 -9.982416e-01
    outer loop
      vertex 0.000000e+00 0.000000e+00 -6.000000e-01
      vertex -7.465783e-02 1.802400e-01 -5.884712e-01
      vertex -3.806023e-02 1.913417e-01 -5.884712e-01
    endloop
  endfacet
  facet normal -2.794268e-02 5.227708e-02 -9.982416e-01
    outer loop
      vertex 0.000000e+00 0.000000e+00 -6.000000e-01
      vertex -1.083864e-01 1.622117e-01 -5.884712e-01
      vertex -7.465783e-02 1.802400e-01 -5.884712e-01
    endloop
  endfacet
  facet normal -3.760453e-02 4.582125e-02 -9.982416e-01
    outer loop
      vertex 0.000000e+00 0.000000e+00 -6.000000e-01
      vertex -1.379497e-01 1.379497e-01 -5.884712e-01
      vertex -1.083864e-01 1.622117e-01 -5.884712e-01
    endloop
  endfacet
  facet normal -4.582125e-02 3.760453e-02 -9.982416e-01
    outer loop
      vertex 0.000000e+00 0.000000e+00 -6.000000e-01
      vertex -1.622117e-01 1.083864e-01 -5.884712e-01
      vertex -1.379497e-01 1.379497e-01 -5.884712e-01
    endloop
  endfacet
  facet normal -5.227708e-02 2.794268e-02 -9.982416e-01
    outer loop
      vertex 0.000000e+00 0.000000e+00 -6.000000e-01
      vertex -1.802400e-01 7.465783e-02 -5.884712e-01
      vertex -1.622117e-01 1.083864e-01 -5.884712e-01
    endloop
  endfacet
  facet normal -5.672394e-02 1.720702e-02 -9.982416e-01
    outer loop
      vertex 0.000000e+00 0.000000e+00 -6.000000e-01
      vertex -1.913417e-01 3.806023e-02 -5.884712e-01
      vertex -1.802400e-01 7.465783e-02 -5.884712e-01
    endloop
  endfacet
  facet normal -5.899093e-02 5.810100e-03 -9.982416e-01
    outer loop
      vertex 0.000000e+00 0.000000e+00 -6.000000e-01
      vertex -1.950903e-01 2.389167e-17 -5.884712e-01
      vertex -1.913417e-01 3.806023e-02 -5.884712e-01
    endloop
  endfacet
  facet normal -5.899093e-02 -5.810100e-03 -9.982416e-01
    outer loop
      vertex 0.000000e+00 0.000000e+00 -6.000000e-01
      vertex -1.913417e-01 -3.806023e-02 -5.884712e-01
      vertex -1.950903e-01 2.389167e-17 -5.884712e-01
    endloop
  endfacet
  facet normal -5.672394e-02 -1.720702e-02 -9.982416e-01
    outer loop
      vertex 0.000000e+00 0.000000e+00 -6.000000e-01
      vertex -1.802400e-01 -7.465783e-02 -5.884712e-01
      vertex -1.913417e-01 -3.806023e-02 -5.884712e-01
    endloop
  endfacet
  facet normal -5.227708e-02 -2.794268e-02 -9.982416e-01
    outer loop
      vertex 0.000000e+00 0.000000e+00 -6.000000e-01
      vertex -1.622117e-01 -1.083864e-01 -5.884712e-01
      vertex -1.802400e-01 -7.465783e-02 -5.884712e-01
    endloop
  endfacet
  facet normal -4.582125e-02 -3.760453e-02 -9.982416e-01
    outer loop
      vertex 0.000000e+00 0.000000e+00 -6.000000e-01
      vertex -1.379497e-01 -1.379497e-01 -5.884712e-01
      vertex -1.622117e-01 -1.083864e-01 -5.884712e-01
    endloop
  endfacet
  facet normal -3.760453e-02 -4.582125e-02 -9.982416e-01
    outer loop
      vertex 0.000000e+00 0.000000e+00 -6.000000e-01
      vertex -1.083864e-01 -1.622117e-01 -5.884712e-01
      vertex -1.379497e-01 -1.379497e-01 -5.884712e-01
    endloop
  endfacet
  facet normal -2.794268e-02 -5.227708e-02 -9.982416e-01
    outer loop
      vertex 0.000000e+00 0.000000e+00 -6.000000e-01
      vertex -7.465783e-02 -1.802400e-01 -5.884712e-01
      vertex -1.083864e-01 -1.622117e-01 -5.884712e-01
    endloop
  endfacet
  facet normal -1.720702e-02 -5.672394e-02 -9.982416e-01
    outer loop
      vertex 0.000000e+00 0.000000e+00 -6.000000e-01
      vertex -3.806023e-02 -1.913417e-01 -5.884712e-01
      vertex -7.465783e-02 -1.802400e-01 -5.884712e-01
    endloop
  endfacet
  facet normal -5.810100e-03 -5.899093e-02 -9.982416e-01
    outer loop
      vertex 0.000000e+00 0.000000e+00 -6.000000e-01
      vertex -3.583751e-17 -1.950903e-01 -5.884712e-01
      vertex -3.806023e-02 -1.913417e-01 -5.884712e-01
    endloop
  endfacet
  facet normal 5.810100e-03 -5.899093e-02 -9.982416e-01
    outer loop
      vertex 0.000000e+00 0.000000e+00 -6.000000e-01
      vertex 3.806023e-02 -1.913417e-01 -5.884712e-01
      vertex -3.583751e-17 -1.950903e-01 -5.884712e-01
    endloop
  endfacet
  facet normal 1.720702e-02 -5.672394e-02 -9.982416e-01
    outer loop
      vertex 0.000000e+00 0.000000e+00 -6.000000e-01
      vertex 7.465783e-02 -1.802400e-01 -5.884712e-01
      vertex 3.806023e-02 -1.913417e-01 -5.884712e-01
    endloop
  endfacet
  facet normal 2.794268e-02 -5.227708e-02 -9.982416e-01
    outer loop
      vertex 0.000000e+00 0.000000e+00 -6.000000e-01
      vertex 1.083864e-01 -1.622117e-01 -5.884712e-01
      vertex 7.465783e-02 -1.802400e-01 -5.884712e-01
    endloop
  endfacet
  facet normal 3.760453e-02 -4.582125e-02 -9.982416e-01
    outer loop
      vertex 0.000000e+00 0.000000e+00 -6.000000e-01
      vertex 1.379497e-01 -1.379497e-01 -5.884712e-01
      vertex 1.083864e-01 -1.622117e-01 -5.884712e-01
    endloop
  endfacet
  facet normal 4.582125e-02 -3.760453e-02 -9.982416e-01
    outer loop
      vertex 0.000000e+00 0.000000e+00 -6.000000e-01
      vertex 1.622117e-01 -1.083864e-01 -5.884712e-01
      vertex 1.379497e-01 -1.379497e-01 -5.884712e-01
    endloop
  endfacet
  facet normal 5.227708e-02 -2.794268e-02 -9.982416e-01
    outer loop
      vertex 0.000000e+00 0.000000e+00 -6.000000e-01
      vertex 1.802400e-01 -7.465783e-02 -5.884712e-01
      vertex 1.622117e-01 -1.083864e-01 -5.884712e-01
    endloop
  endfacet
  facet normal 5.672394e-02 -1.720702e-02 -9.982416e-01
    outer loop
      vertex 0.000000e+00 0.000000e+00 -6.000000e-01
      vertex 1.913417e-01 -3.806023e-02 -5.884712e-01
      vertex 1.802400e-01 -7.465783e-02 -5.884712e-01
    endloop
  endfacet
  facet normal 5.899093e-02 -5.810100e-03 -9.982416e-01
    outer loop
      vertex 0.000000e+00 0.000000e+00 -6.000000e-01
      vertex 1.950903e-01 0.000000e+00 -5.884712e-01
      vertex 1.913417e-01 -3.806023e-02 -5.884712e-01
    endloop
  endfacet
  facet normal -1.790384e-01 -1.763374e-02 9.836841e-01
    outer loop
      vertex 1.950903e-01 0.000000e+00 -5.884712e-01
      vertex 3.826834e-01 0.000000e+00 -5.543277e-01
      vertex 1.913417e-01 3.806023e-02 -5.884712e-01
    endloop
  endfacet
  facet normal -1.790384e-01 -1.763374e-02 9.836841e-01
    outer loop
      vertex 1.913417e-01 3.806023e-02 -5.884712e-01
      vertex 3.826834e-01 0.000000e+00 -5.543277e-01
      vertex 3.753303e-01 7.465783e-02 -5.543277e-01
    endloop
  endfacet
  facet normal -1.721580e-01 -5.222357e-02 9.836841e-01
    outer loop
      vertex 1.913417e-01 3.806023e-02 -5.884712e-01
      vertex 3.753303e-01 7.465783e-02 -5.543277e-01
      vertex 1.802400e-01 7.465783e-02 -5.884712e-01
    endloop
  endfacet
  facet normal -1.721580e-01 -5.222357e-02 9.836841e-01
    outer loop
      vertex 1.802400e-01 7.465783e-02 -5.884712e-01
      vertex 3.753303e-01 7.465783e-02 -5.543277e-01
      vertex 3.535534e-01 1.464466e-01 -5.543277e-01
    endloop
  endfacet
  facet normal -1.586618e-01 -8.480647e-02 9.836841e-01
    outer loop
      vertex 1.802400e-01 7.465783e-02 -5.884712e-01
      vertex 3.535534e-01 1.464466e-01 -5.543277e-01
      vertex 1.622117e-01 1.083864e-01 -5.884712e-01
    endloop
  endfacet
  facet normal -1.586618e-01 -8.480647e-02 9.836841e-01
    outer loop
      vertex 1.622117e-01 1.083864e-01 -5.884712e-01
      vertex 3.535534e-01 1.464466e-01 -5.543277e-01
      vertex 3.181896e-01 2.126075e-01 -5.543277e-01
    endloop
  endfacet
  facet normal -1.390682e-01 -1.141303e-01 9.836841e-01
    outer loop
      vertex 1.622117e-01 1.083864e-01 -5.884712e-01
      vertex 3.181896e-01 2.126075e-01 -5.543277e-01
      vertex 1.379497e-01 1.379497e-01 -5.884712e-01
    endloop
  endfacet
  facet normal -1.390682e-01 -1.141303e-01 9.836841e-01
    outer loop
      vertex 1.379497e-01 1.379497e-01 -5.884712e-01
      vertex 3.181896e-01 2.126075e-01 -5.543277e-01
      vertex 2.705981e-01 2.705981e-01 -5.543277e-01
    endloop
  endfacet
  facet normal -1.141303e-01 -1.390682e-01 9.836841e-01
    outer loop
      vertex 1.379497e-01 1.379497e-01 -5.884712e-01
      vertex 2.705981e-01 2.705981e-01 -5.543277e-01
      vertex 1.083864e-01 1.622117e-01 -5.884712e-01
    endloop
  endfacet
  facet normal -1.141303e-01 -1.390682e-01 9.836841e-01
    outer loop
      vertex 1.083864e-01 1.622117e-01 -5.884712e-01
      vertex 2.705981e-01 2.705981e-01 -5.543277e-01
      vertex 2.126075e-01 3.181896e-01 -5.543277e-01
    endloop
  endfacet
  facet normal -8.480647e-02 -1.586618e-01 9.836841e-01
    outer loop
      vertex 1.083864e-01 1.622117e-01 -5.884712e-01
      vertex 2.126075e-01 3.181896e-01 -5.543277e-01
      vertex 7.465783e-02 1.802400e-01 -5.884712e-01
    endloop
  endfacet
  facet normal -8.480647e-02 -1.586618e-01 9.836841e-01
    outer loop
      vertex 7.465783e-02 1.802400e-01 -5.884712e-01
      vertex 2.126075e-01 3.181896e-01 -5.543277e-01
      vertex 1.464466e-01 3.535534e-01 -5.543277e-01
    endloop
  endfacet
  facet normal -5.222357e-02 -1.721580e-01 9.836841e-01
    outer loop
      vertex 7.465783e-02 1.802400e-01 -5.884712e-01
      vertex 1.464466e-01 3.535534e-01 -5.543277e-01
      vertex 3.806023e-02 1.913417e-01 -5.884712e-01
    endloop
  endfacet
  facet normal -5.222357e-02 -1.721580e-01 9.836841e-01
    outer loop
      vertex 3.806023e-02 1.913417e-01 -5.884712e-01
      vertex 1.464466e-01 3.535534e-01 -5.543277e-01
      vertex 7.465783e-02 3.753303e-01 -5.543277e-01
    endloop
  endfacet
  facet normal -1.763374e-02 -1.790384e-01 9.836841e-01
    outer loop
      vertex 3.806023e-02 1.913417e-01 -5.884712e-01
      vertex 7.465783e-02 3.753303e-01 -5.543277e-01
      vertex 1.194584e-17 1.950903e-01 -5.884712e-01
    endloop
  endfacet
  facet normal -1.763374e-02 -1.790384e-01 9.836841e-01
    outer loop
      vertex 1.194584e-17 1.950903e-01 -5.884712e-01
      vertex 7.465783e-02 3.753303e-01 -5.543277e-01
      vertex 2.343260e-17 3.826834e-01 -5.543277e-01
    endloop
  endfacet
  facet normal 1.763374e-02 -1.790384e-01 9.836841e-01
    outer loop
      vertex 1.194584e-17 1.950903e-01 -5.884712e-01
      vertex 2.343260e-17 3.826834e-01 -5.543277e-01
      vertex -3.806023e-02 1.913417e-01 -5.884712e-01
    endloop
  endfacet
  facet normal 1.763374e-02 -1.790384e-01 9.836841e-01
    outer loop
      vertex -3.806023e-02 1.913417e-01 -5.884712e-01
      vertex 2.343260e-17 3.826834e-01 -5.543277e-01
      vertex -7.465783e-02 3.753303e-01 -5.543277e-01
    endloop
  endfacet
  facet normal 5.222357e-02 -1.721580e-01 9.836841e-01
    outer loop
      vertex -3.806023e-02 1.913417e-01 -5.884712e-01
      vertex -7.465783e-02 3.753303e-01 -5.543277e-01
      vertex -7.465783e-02 1.802400e-01 -5.884712e-01
    endloop
  endfacet
  facet normal 5.222357e-02 -1.721580e-01 9.836841e-01
    outer loop
      vertex -7.465783e-02 1.802400e-01 -5.884712e-01
      vertex -7.465783e-02 3.753303e-01 -5.543277e-01
      vertex -1.464466e-01 3.535534e-01 -5.543277e-01
    endloop
  endfacet
  facet normal 8.480647e-02 -1.586618e-01 9.836841e-01
    outer loop
      vertex -7.465783e-02 1.802400e-01 -5.884712e-01
      vertex -1.464466e-01 3.535534e-01 -5.543277e-01
      vertex -1.083864e-01 1.622117e-01 -5.884712e-01
    endloop
  endfacet
  facet normal 8.480647e-02 -1.586618e-01 9.836841e-01
    outer loop
      vertex -1.083864e-01 1.622117e-01 -5.884712e-01
      vertex -1.464466e-01 3.535534e-01 -5.543277e-01
      vertex -2.126075e-01 3.181896e-01 -5.543277e-01
    endloop
  endfacet
  facet normal 1.141303e-01 -1.390682e-01 9.836841e-01
    outer loop
      vertex -1.083864e-01 1.622117e-01 -5.884712e-01
      vertex -2.126075e-01 3.181896e-01 -5.543277e-01
      vertex -1.379497e-01 1.379497e-01 -5.884712e-01
    endloop
  endfacet
  facet normal 1.141303e-01 -1.390682e-01 9.836841e-01
    outer loop
      vertex -1.379497e-01 1.379497e-01 -5.884712e-01
      vertex -2.126075e-01 3.181896e-01 -5.543277e-01
      vertex -2.705981e-01 2.705981e-01 -5.543277e-01
    endloop
  endfacet
  facet normal 1.390682e-01 -1.141303e-01 9.836841e-01
    outer loop
      vertex -1.379497e-01 1.379497e-01 -5.884712e-01
      vertex -2.705981e-01 2.705981e-01 -5.543277e-01
      vertex -1.622117e-01 1.083864e-01 -5.884712e-01
    endloop
  endfacet
  facet normal 1.390682e-01 -1.141303e-01 9.836841e-01
    outer loop
      vertex -1.622117e-01 1.083864e-01 -5.884712e-01
      vertex -2.705981e-01 2.705981e-01 -5.543277e-01
      vertex -3.181896e-01 2.126075e-01 -5.543277e-01
    endloop
  endfacet
  facet normal 1.586618e-01 -8.480647e-02 9.836841e-01
    outer loop
      vertex -1.622117e-01 1.083864e-01 -5.884712e-01
      vertex -3.181896e-01 2.126075e-01 -5.543277e-01
      vertex -1.802400e-01 7.465783e-02 -5.884712e-01
    endloop
  endfacet
  facet normal 1.586618e-01 -8.480647e-02 9.836841e-01
    outer loop
      vertex -1.802400e-01 7.465783e-02 -5.884712e-01
      vertex -3.181896e-01 2.126075e-01 -5.543277e-01
      vertex -3.535534e-01 1.464466e-01 -5.543277e-01
    endloop
  endfacet
  facet normal 1.721580e-01 -5.222357e-02 9.836841e-01
    outer loop
      vertex -1.802400e-01 7.465783e-02 -5.884712e-01
      vertex -3.535534e-01 1.464466e-01 -5.543277e-01
      vertex -1.913417e-01 3.806023e-02 -5.884712e-01
    endloop
  endfacet
  facet normal 1.721580e-01 -5.222357e-02 9.836841e-01
    outer loop
      vertex -1.913417e-01 3.806023e-02 -5.884712e-01
      vertex -3.535534e-01 1.464466e-01 -5.543277e-01
      vertex -3.753303e-01 7.465783e-02 -5.543277e-01
    endloop
  endfacet
  facet normal 1.790384e-01 -1.763374e-02 9.836841e-01
    outer loop
      vertex -1.913417e-01 3.806023e-02 -5.884712e-01
      vertex -3.753303e-01 7.465783e-02 -5.543277e-01
      vertex -1.950903e-01 2.389167e-17 -5.884712e-01
    endloop
  endfacet
  facet normal 1.790384e-01 -1.763374e-02 9.836841e-01
    outer loop
      vertex -1.950903e-01 2.389167e-17 -5.884712e-01
      vertex -3.753303e-01 7.465783e-02 -5.543277e-01
      vertex -3.826834e-01 4.686520e-17 -5.543277e-01
    endloop
  endfacet
  facet normal 1.790384e-01 1.763374e-02 9.836841e-01
    outer loop
      vertex -1.950903e-01 2.389167e-17 -5.884712e-01
      vertex -3.826834e-01 4.686520e-17 -5.543277e-01
      vertex -1.913417e-01 -3.806023e-02 -5.884712e-01
    endloop
  endfacet
  facet normal 1.790384e-01 1.763374e-02 9.836841e-01
    outer loop
      vertex -1.913417e-01 -3.806023e-02 -5.884712e-01
      vertex -3.826834e-01 4.686520e-17 -5.543277e-01
      vertex -3.753303e-01 -7.465783e-02 -5.543277e-01
    endloop
  endfacet
  facet normal 1.721580e-01 5.222357e-02 9.836841e-01
    outer loop
      vertex -1.913417e-01 -3.806023e-02 -5.884712e-01
      vertex -3.753303e-01 -7.465783e-02 -5.543277e-01
      vertex -1.802400e-01 -7.465783e-02 -5.884712e-01
    endloop
  endfacet
  facet normal 1.721580e-01 5.222357e-02 9.836841e-01
    outer loop
      vertex -1.802400e-01 -7.465783e-02 -5.884712e-01
      vertex -3.753303e-01 -7.465783e-02 -5.543277e-01
      vertex -3.535534e-01 -1.464466e-01 -5.543277e-01
    endloop
  endfacet
  facet normal 1.586618e-01 8.480647e-02 9.836841e-01
    outer loop
      vertex -1.802400e-01 -7.465783e-02 -5.884712e-01
      vertex -3.535534e-01 -1.464466e-01 -5.543277e-01
      vertex -1.622117e-01 -1.083864e-01 -5.884712e-01
    endloop
  endfacet
  facet normal 1.586618e-01 8.480647e-02 9.836841e-01
    outer loop
      vertex -1.622117e-01 -1.083864e-01 -5.884712e-01
      vertex -3.535534e-01 -1.464466e-01 -5.543277e-01
      vertex -3.181896e-01 -2.126075e-01 -5.543277e-01
    endloop
  endfacet
  facet normal 1.390682e-01 1.141303e-01 9.836841e-01
    outer loop
      vertex -1.622117e-01 -1.083864e-01 -5.884712e-01
      vertex -3.181896e-01 -2.126075e-01 -5.543277e-01
      vertex -1.379497e-01 -1.379497e-01 -5.884712e-01
    endloop
  endfacet
  facet normal 1.390682e-01 1.141303e-01 9.836841e-01
    outer loop
      vertex -1.379497e-01 -1.379497e-01 -5.884712e-01
      vertex -3.181896e-01 -2.126075e-01 -5.543277e-01
      vertex -2.705981e-01 -2.705981e-01 -5.543277e-01
    endloop
  endfacet
  facet normal 1.141303e-01 1.390682e-01 9.836841e-01
    outer loop
      vertex -1.379497e-01 -1.379497e-01 -5.884712e-01
      vertex -2.705981e-01 -2.705981e-01 -5.543277e-01
      vertex -1.083864e-01 -1.622117e-01 -5.884712e-01
    endloop
  endfacet
  facet normal 1.141303e-01 1.390682e-01 9.836841e-01
    outer loop
      vertex -1.083864e-01 -1.622117e-01 -5.884712e-01
      vertex -2.705981e-01 -2.705981e-01 -5.543277e-01
      vertex -2.126075e-01 -3.181896e-01 -5.543277e-01
    endloop
  endfacet
  facet normal 8.480647e-02 1.586618e-01 9.836841e-01
    outer loop
      vertex -1.083864e-01 -1.622117e-01 -5.884712e-01
      vertex -2.126075e-01 -3.181896e-01 -5.543277e-01
      vertex -7.465783e-02 -1.802400e-01 -5.884712e-01
    endloop
  endfacet
  facet normal 8.480647e-02 1.586618e-01 9.836841e-01
    outer loop
      vertex -7.465783e-02 -1.802400e-01 -5.884712e-01
      vertex -2.126075e-01 -3.181896e-01 -5.543277e-01
      vertex -1.464466e-01 -3.535534e-01 -5.543277e-01
    endloop
  endfacet
  facet normal 5.222357e-02 1.721580e-01 9.836841e-01
    outer loop
      vertex -7.465783e-02 -1.802400e-01 -5.884712e-01
      vertex -1.464466e-01 -3.535534e-01 -5.543277e-01
      vertex -3.806023e-02 -1.913417e-01 -5.884712e-01
    endloop
  endfacet
  facet normal 5.222357e-02 1.721580e-01 9.836841e-01
    outer loop
      vertex -3.806023e-02 -1.913417e-01 -5.884712e-01
      vertex -1.464466e-01 -3.535534e-01 -5.543277e-01
      vertex -7.465783e-02 -3.753303e-01 -5.543277e-01
    endloop
  endfacet
  facet normal 1.763374e-02 1.790384e-01 9.836841e-01
    outer loop
      vertex -3.806023e-02 -1.913417e-01 -5.884712e-01
      vertex -7.465783e-02 -3.753303e-01 -5.543277e-01
      vertex -3.583751e-17 -1.950903e-01 -5.884712e-01
    endloop
  endfacet
  facet normal 1.763374e-02 1.790384e-01 9.836841e-01
    outer loop
      vertex -3.583751e-17 -1.950903e-01 -5.884712e-01
      vertex -7.465783e-02 -3.753303e-01 -5.543277e-01
      vertex -7.029781e-17 -3.826834e-01 -5.543277e-01
    endloop
  endfacet
  facet normal -1.763374e-02 1.790384e-01 9.836841e-01
    outer loop
      vertex -3.583751e-17 -1.950903e-01 -5.884712e-01
      vertex -7.029781e-17 -3.826834e-01 -5.543277e-01
      vertex 3.806023e-02 -1.913417e-01 -5.884712e-01
    endloop
  endfacet
  facet normal -1.763374e-02 1.790384e-01 9.836841e-01
    outer loop
      vertex 3.806023e-02 -1.913417e-01 -5.884712e-01
      vertex -7.029781e-17 -3.826834e-01 -5.543277e-01
      vertex 7.465783e-02 -3.753303e-01 -5.543277e-01
    endloop
  endfacet
  facet normal -5.222357e-02 1.721580e-01 9.836841e-01
    outer loop
      vertex 3.806023e-02 -1.913417e-01 -5.884712e-01
      vertex 7.465783e-02 -3.753303e-01 -5.543277e-01
      vertex 7.465783e-02 -1.802400e-01 -5.884712e-01
    endloop
  endfacet
  facet normal -5.222357e-02 1.721580e-01 9.836841e-01
    outer loop
      vertex 7.465783e-02 -1.802400e-01 -5.884712e-01
      vertex 7.465783e-02 -3.753303e-01 -5.543277e-01
      vertex 1.464466e-01 -3.535534e-01 -5.543277e-01
    endloop
  endfacet
  facet normal -8.480647e-02 1.586618e-01 9.836841e-01
    outer loop
      vertex 7.465783e-02 -1.802400e-01 -5.884712e-01
      vertex 1.464466e-01 -3.535534e-01 -5.543277e-01
      vertex 1.083864e-01 -1.622117e-01 -5.884712e-01
    endloop
  endfacet
  facet normal -8.480647e-02 1.586618e-01 9.836841e-01
    outer loop
      vertex 1.083864e-01 -1.622117e-01 -5.884712e-01
      vertex 1.464466e-01 -3.535534e-01 -5.543277e-01
      vertex 2.126075e-01 -3.181896e-01 -5.543277e-01
    endloop
  endfacet
  facet normal -1.141303e-01 1.390682e-01 9.836841e-01
    outer loop
      vertex 1.083864e-01 -1.622117e-01 -5.884712e-01
      vertex 2.126075e-01 -3.181896e-01 -5.543277e-01
      vertex 1.379497e-01 -1.379497e-01 -5.884712e-01
    endloop
  endfacet
  facet normal -1.141303e-01 1.390682e-01 9.836841e-01
    outer loop
      vertex 1.379497e-01 -1.379497e-01 -5.884712e-01
      vertex 2.126075e-01 -3.181896e-01 -5.543277e-01
      vertex 2.705981e-01 -2.705981e-01 -5.543277e-01
    endloop
  endfacet
  facet normal -1.390682e-01 1.141303e-01 9.836841e-01
    outer loop
      vertex 1.379497e-01 -1.379497e-01 -5.884712e-01
      vertex 2.705981e-01 -2.705981e-01 -5.543277e-01
      vertex 1.622117e-01 -1.083864e-01 -5.884712e-01
    endloop
  endfacet
  facet normal -1.390682e-01 1.141303e-01 9.836841e-01
    outer loop
      vertex 1.622117e-01 -1.083864e-01 -5.884712e-01
      vertex 2.705981e-01 -2.705981e-01 -5.543277e-01
      vertex 3.181896e-01 -2.126075e-01 -5.543277e-01
    endloop
  endfacet
  facet normal -1.586618e-01 8.480647e-02 9.836841e-01
    outer loop
      vertex 1.622117e-01 -1.083864e-01 -5.884712e-01
      vertex 3.181896e-01 -2.126075e-01 -5.543277e-01
      vertex 1.802400e-01 -7.465783e-02 -5.884712e-01
    endloop
  endfacet
  facet normal -1.586618e-01 8.480647e-02 9.836841e-01
    outer loop
      vertex 1.802400e-01 -7.465783e-02 -5.884712e-01
      vertex 3.181896e-01 -2.126075e-01 -5.543277e-01
      vertex 3.535534e-01 -1.464466e-01 -5.543277e-01
    endloop
  endfacet
  facet normal -1.721580e-01 5.222357e-02 9.836841e-01
    outer loop
      vertex 1.802400e-01 -7.465783e-02 -5.884712e-01
      vertex 3.535534e-01 -1.464466e-01 -5.543277e-01
      vertex 1.913417e-01 -3.806023e-02 -5.884712e-01
    endloop
  endfacet
  facet normal -1.721580e-01 5.222357e-02 9.836841e-01
    outer loop
      vertex 1.913417e-01 -3.806023e-02 -5.884712e-01
      vertex 3.535534e-01 -1.464466e-01 -5.543277e-01
      vertex 3.753303e-01 -7.465783e-02 -5.543277e-01
    endloop
  endfacet
  facet normal -1.790384e-01 1.763374e-02 9.836841e-01
    outer loop
      vertex 1.913417e-01 -3.806023e-02 -5.884712e-01
      vertex 3.753303e-01 -7.465783e-02 -5.543277e-01
      vertex 1.950903e-01 0.000000e+00 -5.884712e-01
    endloop
  endfacet
  facet normal -1.790384e-01 1.763374e-02 9.836841e-01
    outer loop
      vertex 1.950903e-01 0.000000e+00 -5.884712e-01
      vertex 3.753303e-01 -7.465783e-02 -5.543277e-01
      vertex 3.826834e-01 0.000000e+00 -5.543277e-01
    endloop
  endfacet
  facet normal -3.052480e-01 -3.006431e-02 9.517982e-01
    outer loop
      vertex 3.826834e-01 0.000000e+00 -5.543277e-01
      vertex 5.555702e-01 0.000000e+00 -4.988818e-01
      vertex 3.753303e-01 7.465783e-02 -5.543277e-01
    endloop
  endfacet
  facet normal -3.052480e-01 -3.006431e-02 9.517982e-01
    outer loop
      vertex 3.753303e-01 7.465783e-02 -5.543277e-01
      vertex 5.555702e-01 0.000000e+00 -4.988818e-01
      vertex 5.448951e-01 1.083864e-01 -4.988818e-01
    endloop
  endfacet
  facet normal -2.935175e-01 -8.903757e-02 9.517982e-01
    outer loop
      vertex 3.753303e-01 7.465783e-02 -5.543277e-01
      vertex 5.448951e-01 1.083864e-01 -4.988818e-01
      vertex 3.535534e-01 1.464466e-01 -5.543277e-01
    endloop
  endfacet
  facet normal -2.935175e-01 -8.903757e-02 9.517982e-01
    outer loop
      vertex 3.535534e-01 1.464466e-01 -5.543277e-01
      vertex 5.448951e-01 1.083864e-01 -4.988818e-01
      vertex 5.132800e-01 2.126075e-01 -4.988818e-01
    endloop
  endfacet
  facet normal -2.705073e-01 -1.445892e-01 9.517982e-01
    outer loop
      vertex 3.535534e-01 1.464466e-01 -5.543277e-01
      vertex 5.132800e-01 2.126075e-01 -4.988818e-01
      vertex 3.181896e-01 2.126075e-01 -5.543277e-01
    endloop
  endfacet
  facet normal -2.705073e-01 -1.445892e-01 9.517982e-01
    outer loop
      vertex 3.181896e-01 2.126075e-01 -5.543277e-01
      vertex 5.132800e-01 2.126075e-01 -4.988818e-01
      vertex 4.619398e-01 3.086583e-01 -4.988818e-01
    endloop
  endfacet
  facet normal -2.371016e-01 -1.945843e-01 9.517982e-01
    outer loop
      vertex 3.181896e-01 2.126075e-01 -5.543277e-01
      vertex 4.619398e-01 3.086583e-01 -4.988818e-01
      vertex 2.705981e-01 2.705981e-01 -5.543277e-01
    endloop
  endfacet
  facet normal -2.371016e-01 -1.945843e-01 9.517982e-01
    outer loop
      vertex 2.705981e-01 2.705981e-01 -5.543277e-01
      vertex 4.619398e-01 3.086583e-01 -4.988818e-01
      vertex 3.928475e-01 3.928475e-01 -4.988818e-01
    endloop
  endfacet
  facet normal -1.945843e-01 -2.371016e-01 9.517982e-01
    outer loop
      vertex 2.705981e-01 2.705981e-01 -5.543277e-01
      vertex 3.928475e-01 3.928475e-01 -4.988818e-01
      vertex 2.126075e-01 3.181896e-01 -5.543277e-01
    endloop
  endfacet
  facet normal -1.945843e-01 -2.371016e-01 9.517982e-01
    outer loop
      vertex 2.126075e-01 3.181896e-01 -5.543277e-01
      vertex 3.928475e-01 3.928475e-01 -4.988818e-01
      vertex 3.086583e-01 4.619398e-01 -4.988818e-01
    endloop
  endfacet
  facet normal -1.445892e-01 -2.705073e-01 9.517982e-01
    outer loop
      vertex 2.126075e-01 3.181896e-01 -5.543277e-01
      vertex 3.086583e-01 4.619398e-01 -4.988818e-01
      vertex 1.464466e-01 3.535534e-01 -5.543277e-01
    endloop
  endfacet
  facet normal -1.445892e-01 -2.705073e-01 9.517982e-01
    outer loop
      vertex 1.464466e-01 3.535534e-01 -5.543277e-01
      vertex 3.086583e-01 4.619398e-01 -4.988818e-01
      vertex 2.126075e-01 5.132800e-01 -4.988818e-01
    endloop
  endfacet
  facet normal -8.903757e-02 -2.935175e-01 9.517982e-01
    outer loop
      vertex 1.464466e-01 3.535534e-01 -5.543277e-01
      vertex 2.126075e-01 5.132800e-01 -4.988818e-01
      vertex 7.465783e-02 3.753303e-01 -5.543277e-01
    endloop
  endfacet
  facet normal -8.903757e-02 -2.935175e-01 9.517982e-01
    outer loop
      vertex 7.465783e-02 3.753303e-01 -5.543277e-01
      vertex 2.126075e-01 5.132800e-01 -4.988818e-01
      vertex 1.083864e-01 5.448951e-01 -4.988818e-01
    endloop
  endfacet
  facet normal -3.006431e-02 -3.052480e-01 9.517982e-01
    outer loop
      vertex 7.465783e-02 3.753303e-01 -5.543277e-01
      vertex 1.083864e-01 5.448951e-01 -4.988818e-01
      vertex 2.343260e-17 3.826834e-01 -5.543277e-01
    endloop
  endfacet
  facet normal -3.006431e-02 -3.052480e-01 9.517982e-01
    outer loop
      vertex 2.343260e-17 3.826834e-01 -5.543277e-01
      vertex 1.083864e-01 5.448951e-01 -4.988818e-01
      vertex 3.401887e-17 5.555702e-01 -4.988818e-01
    endloop
  endfacet
  facet normal 3.006431e-02 -3.052480e-01 9.517982e-01
    outer loop
      vertex 2.343260e-17 3.826834e-01 -5.543277e-01
      vertex 3.401887e-17 5.555702e-01 -4.988818e-01
      vertex -7.465783e-02 3.753303e-01 -5.543277e-01
    endloop
  endfacet
  facet normal 3.006431e-02 -3.052480e-01 9.517982e-01
    outer loop
      vertex -7.465783e-02 3.753303e-01 -5.543277e-01
      vertex 3.401887e-17 5.555702e-01 -4.988818e-01
      vertex -1.083864e-01 5.448951e-01 -4.988818e-01
    endloop
  endfacet
  facet normal 8.903757e-02 -2.935175e-01 9.517982e-01
    outer loop
      vertex -7.465783e-02 3.753303e-01 -5.543277e-01
      vertex -1.083864e-01 5.448951e-01 -4.988818e-01
      vertex -1.464466e-01 3.535534e-01 -5.543277e-01
    endloop
  endfacet
  facet normal 8.903757e-02 -2.935175e-01 9.517982e-01
    outer loop
      vertex -1.464466e-01 3.535534e-01 -5.543277e-01
      vertex -1.083864e-01 5.448951e-01 -4.988818e-01
      vertex -2.126075e-01 5.132800e-01 -4.988818e-01
    endloop
  endfacet
  facet normal 1.445892e-01 -2.705073e-01 9.517982e-01
    outer loop
      vertex -1.464466e-01 3.535534e-01 -5.543277e-01
      vertex -2.126075e-01 5.132800e-01 -4.988818e-01
      vertex -2.126075e-01 3.181896e-01 -5.543277e-01
    endloop
  endfacet
  facet normal 1.445892e-01 -2.705073e-01 9.517982e-01
    outer loop
      vertex -2.126075e-01 3.181896e-01 -5.543277e-01
      vertex -2.126075e-01 5.132800e-01 -4.988818e-01
      vertex -3.086583e-01 4.619398e-01 -4.988818e-01
    endloop
  endfacet
  facet normal 1.945843e-01 -2.371016e-01 9.517982e-01
    outer loop
      vertex -2.126075e-01 3.181896e-01 -5.543277e-01
      vertex -3.086583e-01 4.619398e-01 -4.988818e-01
      vertex -2.705981e-01 2.705981e-01 -5.543277e-01
    endloop
  endfacet
  facet normal 1.945843e-01 -2.371016e-01 9.517982e-01
    outer loop
      vertex -2.705981e-01 2.705981e-01 -5.543277e-01
      vertex -3.086583e-01 4.619398e-01 -4.988818e-01
      vertex -3.928475e-01 3.928475e-01 -4.988818e-01
    endloop
  endfacet
  facet normal 2.371016e-01 -1.945843e-01 9.517982e-01
    outer loop
      vertex -2.705981e-01 2.705981e-01 -5.543277e-01
      vertex -3.928475e-01 3.928475e-01 -4.988818e-01
      vertex -3.181896e-01 2.126075e-01 -5.543277e-01
    endloop
  endfacet
  facet normal 2.371016e-01 -1.945843e-01 9.517982e-01
    outer loop
      vertex -3.181896e-01 2.126075e-01 -5.543277e-01
      vertex -3.928475e-01 3.928475e-01 -4.988818e-01
      vertex -4.619398e-01 3.086583e-01 -4.988818e-01
    endloop
  endfacet
  facet normal 2.705073e-01 -1.445892e-01 9.517982e-01
    outer loop
      vertex -3.181896e-01 2.126075e-01 -5.543277e-01
      vertex -4.619398e-01 3.086583e-01 -4.988818e-01
      vertex -3.535534e-01 1.464466e-01 -5.543277e-01
    endloop
  endfacet
  facet normal 2.705073e-01 -1.445892e-01 9.517982e-01
    outer loop
      vertex -3.535534e-01 1.464466e-01 -5.543277e-01
      vertex -4.619398e-01 3.086583e-01 -4.988818e-01
      vertex -5.132800e-01 2.126075e-01 -4.988818e-01
    endloop
  endfacet
  facet normal 2.935175e-01 -8.903757e-02 9.517982e-01
    outer loop
      vertex -3.535534e-01 1.464466e-01 -5.543277e-01
      vertex -5.132800e-01 2.126075e-01 -4.988818e-01
      vertex -3.753303e-01 7.465783e-02 -5.543277e-01
    endloop
  endfacet
  facet normal 2.935175e-01 -8.903757e-02 9.517982e-01
    outer loop
      vertex -3.753303e-01 7.465783e-02 -5.543277e-01
      vertex -5.132800e-01 2.126075e-01 -4.988818e-01
      vertex -5.448951e-01 1.083864e-01 -4.988818e-01
    endloop
  endfacet
  facet normal 3.052480e-01 -3.006431e-02 9.517982e-01
    outer loop
      vertex -3.753303e-01 7.465783e-02 -5.543277e-01
      vertex -5.448951e-01 1.083864e-01 -4.988818e-01
      vertex -3.826834e-01 4.686520e-17 -5.543277e-01
    endloop
  endfacet
  facet normal 3.052480e-01 -3.006431e-02 9.517982e-01
    outer loop
      vertex -3.826834e-01 4.686520e-17 -5.543277e-01
      vertex -5.448951e-01 1.083864e-01 -4.988818e-01
      vertex -5.555702e-01 6.803773e-17 -4.988818e-01
    endloop
  endfacet
  facet normal 3.052480e-01 3.006431e-02 9.517982e-01
    outer loop
      vertex -3.826834e-01 4.686520e-17 -5.543277e-01
      vertex -5.555702e-01 6.803773e-17 -4.988818e-01
      vertex -3.753303e-01 -7.465783e-02 -5.543277e-01
    endloop
  endfacet
  facet normal 3.052480e-01 3.006431e-02 9.517982e-01
    outer loop
      vertex -3.753303e-01 -7.465783e-02 -5.543277e-01
      vertex -5.555702e-01 6.803773e-17 -4.988818e-01
      vertex -5.448951e-01 -1.083864e-01 -4.988818e-01
    endloop
  endfacet
  facet normal 2.935175e-01 8.903757e-02 9.517982e-01
    outer loop
      vertex -3.753303e-01 -7.465783e-02 -5.543277e-01
      vertex -5.448951e-01 -1.083864e-01 -4.988818e-01
      vertex -3.535534e-01 -1.464466e-01 -5.543277e-01
    endloop
  endfacet
  facet normal 2.935175e-01 8.903757e-02 9.517982e-01
    outer loop
      vertex -3.535534e-01 -1.464466e-01 -5.543277e-01
      vertex -5.448951e-01 -1.083864e-01 -4.988818e-01
      vertex -5.132800e-01 -2.126075e-01 -4.988818e-01
    endloop
  endfacet
  facet normal 2.705073e-01 1.445892e-01 9.517982e-01
    outer loop
      vertex -3.535534e-01 -1.464466e-01 -5.543277e-01
      vertex -5.132800e-01 -2.126075e-01 -4.988818e-01
      vertex -3.181896e-01 -2.126075e-01 -5.543277e-01
    endloop
  endfacet
  facet normal 2.705073e-01 1.445892e-01 9.517982e-01
    outer loop
      vertex -3.181896e-01 -2.126075e-01 -5.543277e-01
      vertex -5.132800e-01 -2.126075e-01 -4.988818e-01
      vertex -4.619398e-01 -3.086583e-01 -4.988818e-01
    endloop
  endfacet
  facet normal 2.371016e-01 1.945843e-01 9.517982e-01
    outer loop
      vertex -3.181896e-01 -2.126075e-01 -5.543277e-01
      vertex -4.619398e-01 -3.086583e-01 -4.988818e-01
      vertex -2.705981e-01 -2.705981e-01 -5.543277e-01
    endloop
  endfacet
  facet normal 2.371016e-01 1.945843e-01 9.517982e-01
    outer loop
      vertex -2.705981e-01 -2.705981e-01 -5.543277e-01
      vertex -4.619398e-01 -3.086583e-01 -4.988818e-01
      vertex -3.928475e-01 -3.928475e-01 -4.988818e-01
    endloop
  endfacet
  facet normal 1.945843e-01 2.371016e-01 9.517982e-01
    outer loop
      vertex -2.705981e-01 -2.705981e-01 -5.543277e-01
      vertex -3.928475e-01 -3.928475e-01 -4.988818e-01
      vertex -2.126075e-01 -3.181896e-01 -5.543277e-01
    endloop
  endfacet
  facet normal 1.945843e-01 2.371016e-01 9.517982e-01
    outer loop
      vertex -2.126075e-01 -3.181896e-01 -5.543277e-01
      vertex -3.928475e-01 -3.928475e-01 -4.988818e-01
      vertex -3.086583e-01 -4.619398e-01 -4.988818e-01
    endloop
  endfacet
  facet normal 1.445892e-01 2.705073e-01 9.517982e-01
    outer loop
      vertex -2.126075e-01 -3.181896e-01 -5.543277e-01
      vertex -3.086583e-01 -4.619398e-01 -4.988818e-01
      vertex -1.464466e-01 -3.535534e-01 -5.543277e-01
    endloop
  endfacet
  facet normal 1.445892e-01 2.705073e-01 9.517982e-01
    outer loop
      vertex -1.464466e-01 -3.535534e-01 -5.543277e-01
      vertex -3.086583e-01 -4.619398e-01 -4.988818e-01
      vertex -2.126075e-01 -5.132800e-01 -4.988818e-01
    endloop
  endfacet
  facet normal 8.903757e-02 2.935175e-01 9.517982e-01
    outer loop
      vertex -1.464466e-01 -3.535534e-01 -5.543277e-01
      vertex -2.126075e-01 -5.132800e-01 -4.988818e-01
      vertex -7.465783e-02 -3.753303e-01 -5.543277e-01
    endloop
  endfacet
  facet normal 8.903757e-02 2.935175e-01 9.517982e-01
    outer loop
      vertex -7.465783e-02 -3.753303e-01 -5.543277e-01
      vertex -2.126075e-01 -5.132800e-01 -4.988818e-01
      vertex -1.083864e-01 -5.448951e-01 -4.988818e-01
    endloop
  endfacet
  facet normal 3.006431e-02 3.052480e-01 9.517982e-01
    outer loop
      vertex -7.465783e-02 -3.753303e-01 -5.543277e-01
      vertex -1.083864e-01 -5.448951e-01 -4.988818e-01
      vertex -7.029781e-17 -3.826834e-01 -5.543277e-01
    endloop
  endfacet
  facet normal 3.006431e-02 3.052480e-01 9.517982e-01
    outer loop
      vertex -7.029781e-17 -3.826834e-01 -5.543277e-01
      vertex -1.083864e-01 -5.448951e-01 -4.988818e-01
      vertex -1.020566e-16 -5.555702e-01 -4.988818e-01
    endloop
  endfacet
  facet normal -3.006431e-02 3.052480e-01 9.517982e-01
    outer loop
      vertex -7.029781e-17 -3.826834e-01 -5.543277e-01
      vertex -1.020566e-16 -5.555702e-01 -4.988818e-01
      vertex 7.465783e-02 -3.753303e-01 -5.543277e-01
    endloop
  endfacet
  facet normal -3.006431e-02 3.052480e-01 9.517982e-01
    outer loop
      vertex 7.465783e-02 -3.753303e-01 -5.543277e-01
      vertex -1.020566e-16 -5.555702e-01 -4.988818e-01
      vertex 1.083864e-01 -5.448951e-01 -4.988818e-01
    endloop
  endfacet
  facet normal -8.903757e-02 2.935175e-01 9.517982e-01
    outer loop
      vertex 7.465783e-02 -3.753303e-01 -5.543277e-01
      vertex 1.083864e-01 -5.448951e-01 -4.988818e-01
      vertex 1.464466e-01 -3.535534e-01 -5.543277e-01
    endloop
  endfacet
  facet normal -8.903757e-02 2.935175e-01 9.517982e-01
    outer loop
      vertex 1.464466e-01 -3.535534e-01 -5.543277e-01
      vertex 1.083864e-01 -5.448951e-01 -4.988818e-01
      vertex 2.126075e-01 -5.132800e-01 -4.988818e-01
    endloop
  endfacet
  facet normal -1.445892e-01 2.705073e-01 9.517982e-01
    outer loop
      vertex 1.464466e-01 -3.535534e-01 -5.543277e-01
      vertex 2.126075e-01 -5.132800e-01 -4.988818e-01
      vertex 2.126075e-01 -3.181896e-01 -5.543277e-01
    endloop
  endfacet
  facet normal -1.445892e-01 2.705073e-01 9.517982e-01
    outer loop
      vertex 2.126075e-01 -3.181896e-01 -5.543277e-01
      vertex 2.126075e-01 -5.132800e-01 -4.988818e-01
      vertex 3.086583e-01 -4.619398e-01 -4.988818e-01
    endloop
  endfacet
  facet normal -1.945843e-01 2.371016e-01 9.517982e-01
    outer loop
      vertex 2.126075e-01 -3.181896e-01 -5.543277e-01
      vertex 3.086583e-01 -4.619398e-01 -4.988818e-01
      vertex 2.705981e-01 -2.705981e-01 -5.543277e-01
    endloop
  endfacet
  facet normal -1.945843e-01 2.371016e-01 9.517982e-01
    outer loop
      vertex 2.705981e-01 -2.705981e-01 -5.543277e-01
      vertex 3.086583e-01 -4.619398e-01 -4.988818e-01
      vertex 3.928475e-01 -3.928475e-01 -4.988818e-01
    endloop
  endfacet
  facet normal -2.371016e-01 1.945843e-01 9.517982e-01
    outer loop
      vertex 2.705981e-01 -2.705981e-01 -5.543277e-01
      vertex 3.928475e-01 -3.928475e-01 -4.988818e-01
      vertex 3.181896e-01 -2.126075e-01 -5.543277e-01
    endloop
  endfacet
  facet normal -2.371016e-01 1.945843e-01 9.517982e-01
    outer loop
      vertex 3.181896e-01 -2.126075e-01 -5.543277e-01
      vertex 3.928475e-01 -3.928475e-01 -4.988818e-01
      vertex 4.619398e-01 -3.086583e-01 -4.988818e-01
    endloop
  endfacet
  facet normal -2.705073e-01 1.445892e-01 9.517982e-01
    outer loop
      vertex 3.181896e-01 -2.126075e-01 -5.543277e-01
      vertex 4.619398e-01 -3.086583e-01 -4.988818e-01
      vertex 3.535534e-01 -1.464466e-01 -5.543277e-01
    endloop
  endfacet
  facet normal -2.705073e-01 1.445892e-01 9.517982e-01
    outer loop
      vertex 3.535534e-01 -1.464466e-01 -5.543277e-01
      vertex 4.619398e-01 -3.086583e-01 -4.988818e-01
      vertex 5.132800e-01 -2.126075e-01 -4.988818e-01
    endloop
  endfacet
  facet normal -2.935175e-01 8.903757e-02 9.517982e-01
    outer loop
      vertex 3.535534e-01 -1.464466e-01 -5.543277e-01
      vertex 5.132800e-01 -2.126075e-01 -4.988818e-01
      vertex 3.753303e-01 -7.465783e-02 -5.543277e-01
    endloop
  endfacet
  facet normal -2.935175e-01 8.903757e-02 9.517982e-01
    outer loop
      vertex 3.753303e-01 -7.465783e-02 -5.543277e-01
      vertex 5.132800e-01 -2.126075e-01 -4.988818e-01
      vertex 5.448951e-01 -1.083864e-01 -4.988818e-01
    endloop
  endfacet
  facet normal -3.052480e-01 3.006431e-02 9.517982e-01
    outer loop
      vertex 3.753303e-01 -7.465783e-02 -5.543277e-01
      vertex 5.448951e-01 -1.083864e-01 -4.988818e-01
      vertex 3.826834e-01 0.000000e+00 -5.543277e-01
    endloop
  endfacet
  facet normal -3.052480e-01 3.006431e-02 9.517982e-01
    outer loop
      vertex 3.826834e-01 0.000000e+00 -5.543277e-01
      vertex 5.448951e-01 -1.083864e-01 -4.988818e-01
      vertex 5.555702e-01 0.000000e+00 -4.988818e-01
    endloop
  endfacet
  facet normal -4.413384e-01 -4.346804e-02 8.962873e-01
    outer loop
      vertex 5.555702e-01 0.000000e+00 -4.988818e-01
      vertex 7.071068e-01 0.000000e+00 -4.242641e-01
      vertex 5.448951e-01 1.083864e-01 -4.988818e-01
    endloop
  endfacet
  facet normal -4.413384e-01 -4.346804e-02 8.962873e-01
    outer loop
      vertex 5.448951e-01 1.083864e-01 -4.988818e-01
      vertex 7.071068e-01 0.000000e+00 -4.242641e-01
      vertex 6.935199e-01 1.379497e-01 -4.242641e-01
    endloop
  endfacet
  facet normal -4.243780e-01 -1.287337e-01 8.962873e-01
    outer loop
      vertex 5.448951e-01 1.083864e-01 -4.988818e-01
      vertex 6.935199e-01 1.379497e-01 -4.242641e-01
      vertex 5.132800e-01 2.126075e-01 -4.988818e-01
    endloop
  endfacet
  facet normal -4.243780e-01 -1.287337e-01 8.962873e-01
    outer loop
      vertex 5.132800e-01 2.126075e-01 -4.988818e-01
      vertex 6.935199e-01 1.379497e-01 -4.242641e-01
      vertex 6.532815e-01 2.705981e-01 -4.242641e-01
    endloop
  endfacet
  facet normal -3.911090e-01 -2.090521e-01 8.962873e-01
    outer loop
      vertex 5.132800e-01 2.126075e-01 -4.988818e-01
      vertex 6.532815e-01 2.705981e-01 -4.242641e-01
      vertex 4.619398e-01 3.086583e-01 -4.988818e-01
    endloop
  endfacet
  facet normal -3.911090e-01 -2.090521e-01 8.962873e-01
    outer loop
      vertex 4.619398e-01 3.086583e-01 -4.988818e-01
      vertex 6.532815e-01 2.705981e-01 -4.242641e-01
      vertex 5.879378e-01 3.928475e-01 -4.242641e-01
    endloop
  endfacet
  facet normal -3.428099e-01 -2.813368e-01 8.962873e-01
    outer loop
      vertex 4.619398e-01 3.086583e-01 -4.988818e-01
      vertex 5.879378e-01 3.928475e-01 -4.242641e-01
      vertex 3.928475e-01 3.928475e-01 -4.988818e-01
    endloop
  endfacet
  facet normal -3.428099e-01 -2.813368e-01 8.962873e-01
    outer loop
      vertex 3.928475e-01 3.928475e-01 -4.988818e-01
      vertex 5.879378e-01 3.928475e-01 -4.242641e-01
      vertex 5.000000e-01 5.000000e-01 -4.242641e-01
    endloop
  endfacet
  facet normal -2.813368e-01 -3.428099e-01 8.962873e-01
    outer loop
      vertex 3.928475e-01 3.928475e-01 -4.988818e-01
      vertex 5.000000e-01 5.000000e-01 -4.242641e-01
      vertex 3.086583e-01 4.619398e-01 -4.988818e-01
    endloop
  endfacet
  facet normal -2.813368e-01 -3.428099e-01 8.962873e-01
    outer loop
      vertex 3.086583e-01 4.619398e-01 -4.988818e-01
      vertex 5.000000e-01 5.000000e-01 -4.242641e-01
      vertex 3.928475e-01 5.879378e-01 -4.242641e-01
    endloop
  endfacet
  facet normal -2.090521e-01 -3.911090e-01 8.962873e-01
    outer loop
      vertex 3.086583e-01 4.619398e-01 -4.988818e-01
      vertex 3.928475e-01 5.879378e-01 -4.242641e-01
      vertex 2.126075e-01 5.132800e-01 -4.988818e-01
    endloop
  endfacet
  facet normal -2.090521e-01 -3.911090e-01 8.962873e-01
    outer loop
      vertex 2.126075e-01 5.132800e-01 -4.988818e-01
      vertex 3.928475e-01 5.879378e-01 -4.242641e-01
      vertex 2.705981e-01 6.532815e-01 -4.242641e-01
    endloop
  endfacet
  facet normal -1.287337e-01 -4.243780e-01 8.962873e-01
    outer loop
      vertex 2.126075e-01 5.132800e-01 -4.988818e-01
      vertex 2.705981e-01 6.532815e-01 -4.242641e-01
      vertex 1.083864e-01 5.448951e-01 -4.988818e-01
    endloop
  endfacet
  facet normal -1.287337e-01 -4.243780e-01 8.962873e-01
    outer loop
      vertex 1.083864e-01 5.448951e-01 -4.988818e-01
      vertex 2.705981e-01 6.532815e-01 -4.242641e-01
      vertex 1.379497e-01 6.935199e-01 -4.242641e-01
    endloop
  endfacet
  facet normal -4.346804e-02 -4.413384e-01 8.962873e-01
    outer loop
      vertex 1.083864e-01 5.448951e-01 -4.988818e-01
      vertex 1.379497e-01 6.935199e-01 -4.242641e-01
      vertex 3.401887e-17 5.555702e-01 -4.988818e-01
    endloop
  endfacet
  facet normal -4.346804e-02 -4.413384e-01 8.962873e-01
    outer loop
      vertex 3.401887e-17 5.555702e-01 -4.988818e-01
      vertex 1.379497e-01 6.935199e-01 -4.242641e-01
      vertex 4.329780e-17 7.071068e-01 -4.242641e-01
    endloop
  endfacet
  facet normal 4.346804e-02 -4.413384e-01 8.962873e-01
    outer loop
      vertex 3.401887e-17 5.555702e-01 -4.988818e-01
      vertex 4.329780e-17 7.071068e-01 -4.242641e-01
      vertex -1.083864e-01 5.448951e-01 -4.988818e-01
    endloop
  endfacet
  facet normal 4.346804e-02 -4.413384e-01 8.962873e-01
    outer loop
      vertex -1.083864e-01 5.448951e-01 -4.988818e-01
      vertex 4.329780e-17 7.071068e-01 -4.242641e-01
      vertex -1.379497e-01 6.935199e-01 -4.242641e-01
    endloop
  endfacet
  facet normal 1.287337e-01 -4.243780e-01 8.962873e-01
    outer loop
      vertex -1.083864e-01 5.448951e-01 -4.988818e-01
      vertex -1.379497e-01 6.935199e-01 -4.242641e-01
      vertex -2.126075e-01 5.132800e-01 -4.988818e-01
    endloop
  endfacet
  facet normal 1.287337e-01 -4.243780e-01 8.962873e-01
    outer loop
      vertex -2.126075e-01 5.132800e-01 -4.988818e-01
      vertex -1.379497e-01 6.935199e-01 -4.242641e-01
      vertex -2.705981e-01 6.532815e-01 -4.242641e-01
    endloop
  endfacet
  facet normal 2.090521e-01 -3.911090e-01 8.962873e-01
    outer loop
      vertex -2.126075e-01 5.132800e-01 -4.988818e-01
      vertex -2.705981e-01 6.532815e-01 -4.242641e-01
      vertex -3.086583e-01 4.619398e-01 -4.988818e-01
    endloop
  endfacet
  facet normal 2.090521e-01 -3.911090e-01 8.962873e-01
    outer loop
      vertex -3.086583e-01 4.619398e-01 -4.988818e-01
      vertex -2.705981e-01 6.532815e-01 -4.242641e-01
      vertex -3.928475e-01 5.879378e-01 -4.242641e-01
    endloop
  endfacet
  facet normal 2.813368e-01 -3.428099e-01 8.962873e-01
    outer loop
      vertex -3.086583e-01 4.619398e-01 -4.988818e-01
      vertex -3.928475e-01 5.879378e-01 -4.242641e-01
      vertex -3.928475e-01 3.928475e-01 -4.988818e-01
    endloop
  endfacet
  facet normal 2.813368e-01 -3.428099e-01 8.962873e-01
    outer loop
      vertex -3.928475e-01 3.928475e-01 -4.988818e-01
      vertex -3.928475e-01 5.879378e-01 -4.242641e-01
      vertex -5.000000e-01 5.000000e-01 -4.242641e-01
    endloop
  endfacet
  facet normal 3.428099e-01 -2.813368e-01 8.962873e-01
    outer loop
      vertex -3.928475e-01 3.928475e-01 -4.988818e-01
      vertex -5.000000e-01 5.000000e-01 -4.242641e-01
      vertex -4.619398e-01 3.086583e-01 -4.988818e-01
    endloop
  endfacet
  facet normal 3.428099e-01 -2.813368e-01 8.962873e-01
    outer loop
      vertex -4.619398e-01 3.086583e-01 -4.988818e-01
      vertex -5.000000e-01 5.000000e-01 -4.242641e-01
      vertex -5.879378e-01 3.928475e-01 -4.242641e-01
    endloop
  endfacet
  facet normal 3.911090e-01 -2.090521e-01 8.962873e-01
    outer loop
      vertex -4.619398e-01 3.086583e-01 -4.988818e-01
      vertex -5.879378e-01 3.928475e-01 -4.242641e-01
      vertex -5.132800e-01 2.126075e-01 -4.988818e-01
    endloop
  endfacet
  facet normal 3.911090e-01 -2.090521e-01 8.962873e-01
    outer loop
      vertex -5.132800e-01 2.126075e-01 -4.988818e-01
      vertex -5.879378e-01 3.928475e-01 -4.242641e-01
      vertex -6.532815e-01 2.705981e-01 -4.242641e-01
    endloop
  endfacet
  facet normal 4.243780e-01 -1.287337e-01 8.962873e-01
    outer loop
      vertex -5.132800e-01 2.126075e-01 -4.988818e-01
      vertex -6.532815e-01 2.705981e-01 -4.242641e-01
      vertex -5.448951e-01 1.083864e-01 -4.988818e-01
    endloop
  endfacet
  facet normal 4.243780e-01 -1.287337e-01 8.962873e-01
    outer loop
      vertex -5.448951e-01 1.083864e-01 -4.988818e-01
      vertex -6.532815e-01 2.705981e-01 -4.242641e-01
      vertex -6.935199e-01 1.379497e-01 -4.242641e-01
    endloop
  endfacet
  facet normal 4.413384e-01 -4.346804e-02 8.962873e-01
    outer loop
      vertex -5.448951e-01 1.083864e-01 -4.988818e-01
      vertex -6.935199e-01 1.379497e-01 -4.242641e-01
      vertex -5.555702e-01 6.803773e-17 -4.988818e-01
    endloop
  endfacet
  facet normal 4.413384e-01 -4.346804e-02 8.962873e-01
    outer loop
      vertex -5.555702e-01 6.803773e-17 -4.988818e-01
      vertex -6.935199e-01 1.379497e-01 -4.242641e-01
      vertex -7.071068e-01 8.659561e-17 -4.242641e-01
    endloop
  endfacet
  facet normal 4.413384e-01 4.346804e-02 8.962873e-01
    outer loop
      vertex -5.555702e-01 6.803773e-17 -4.988818e-01
      vertex -7.071068e-01 8.659561e-17 -4.242641e-01
      vertex -5.448951e-01 -1.083864e-01 -4.988818e-01
    endloop
  endfacet
  facet normal 4.413384e-01 4.346804e-02 8.962873e-01
    outer loop
      vertex -5.448951e-01 -1.083864e-01 -4.988818e-01
      vertex -7.071068e-01 8.659561e-17 -4.242641e-01
      vertex -6.935199e-01 -1.379497e-01 -4.242641e-01
    endloop
  endfacet
  facet normal 4.243780e-01 1.287337e-01 8.962873e-01
    outer loop
      vertex -5.448951e-01 -1.083864e-01 -4.988818e-01
      vertex -6.935199e-01 -1.379497e-01 -4.242641e-01
      vertex -5.132800e-01 -2.126075e-01 -4.988818e-01
    endloop
  endfacet
  facet normal 4.243780e-01 1.287337e-01 8.962873e-01
    outer loop
      vertex -5.132800e-01 -2.126075e-01 -4.988818e-01
      vertex -6.935199e-01 -1.379497e-01 -4.242641e-01
      vertex -6.532815e-01 -2.705981e-01 -4.242641e-01
    endloop
  endfacet
  facet normal 3.911090e-01 2.090521e-01 8.962873e-01
    outer loop
      vertex -5.132800e-01 -2.126075e-01 -4.988818e-01
      vertex -6.532815e-01 -2.705981e-01 -4.242641e-01
      vertex -4.619398e-01 -3.086583e-01 -4.988818e-01
    endloop
  endfacet
  facet normal 3.911090e-01 2.090521e-01 8.962873e-01
    outer loop
      vertex -4.619398e-01 -3.086583e-01 -4.988818e-01
      vertex -6.532815e-01 -2.705981e-01 -4.242641e-01
      vertex -5.879378e-01 -3.928475e-01 -4.242641e-01
    endloop
  endfacet
  facet normal 3.428099e-01 2.813368e-01 8.962873e-01
    outer loop
      vertex -4.619398e-01 -3.086583e-01 -4.988818e-01
      vertex -5.879378e-01 -3.928475e-01 -4.242641e-01
      vertex -3.928475e-01 -3.928475e-01 -4.988818e-01
    endloop
  endfacet
  facet normal 3.428099e-01 2.813368e-01 8.962873e-01
    outer loop
      vertex -3.928475e-01 -3.928475e-01 -4.988818e-01
      vertex -5.879378e-01 -3.928475e-01 -4.242641e-01
      vertex -5.000000e-01 -5.000000e-01 -4.242641e-01
    endloop
  endfacet
  facet normal 2.813368e-01 3.428099e-01 8.962873e-01
    outer loop
      vertex -3.928475e-01 -3.928475e-01 -4.988818e-01
      vertex -5.000000e-01 -5.000000e-01 -4.242641e-01
      vertex -3.086583e-01 -4.619398e-01 -4.988818e-01
    endloop
  endfacet
  facet normal 2.813368e-01 3.428099e-01 8.962873e-01
    outer loop
      vertex -3.086583e-01 -4.619398e-01 -4.988818e-01
      vertex -5.000000e-01 -5.000000e-01 -4.242641e-01
      vertex -3.928475e-01 -5.879378e-01 -4.242641e-01
    endloop
  endfacet
  facet normal 2.090521e-01 3.911090e-01 8.962873e-01
    outer loop
      vertex -3.086583e-01 -4.619398e-01 -4.988818e-01
      vertex -3.928475e-01 -5.879378e-01 -4.242641e-01
      vertex -2.126075e-01 -5.132800e-01 -4.988818e-01
    endloop
  endfacet
  facet normal 2.090521e-01 3.911090e-01 8.962873e-01
    outer loop
      vertex -2.126075e-01 -5.132800e-01 -4.988818e-01
      vertex -3.928475e-01 -5.879378e-01 -4.242641e-01
      vertex -2.705981e-01 -6.532815e-01 -4.242641e-01
    endloop
  endfacet
  facet normal 1.287337e-01 4.243780e-01 8.962873e-01
    outer loop
      vertex -2.126075e-01 -5.132800e-01 -4.988818e-01
      vertex -2.705981e-01 -6.532815e-01 -4.242641e-01
      vertex -1.083864e-01 -5.448951e-01 -4.988818e-01
    endloop
  endfacet
  facet normal 1.287337e-01 4.243780e-01 8.962873e-01
    outer loop
      vertex -1.083864e-01 -5.448951e-01 -4.988818e-01
      vertex -2.705981e-01 -6.532815e-01 -4.242641e-01
      vertex -1.379497e-01 -6.935199e-01 -4.242641e-01
    endloop
  endfacet
  facet normal 4.346804e-02 4.413384e-01 8.962873e-01
    outer loop
      vertex -1.083864e-01 -5.448951e-01 -4.988818e-01
      vertex -1.379497e-01 -6.935199e-01 -4.242641e-01
      vertex -1.020566e-16 -5.555702e-01 -4.988818e-01
    endloop
  endfacet
  facet normal 4.346804e-02 4.413384e-01 8.962873e-01
    outer loop
      vertex -1.020566e-16 -5.555702e-01 -4.988818e-01
      vertex -1.379497e-01 -6.935199e-01 -4.242641e-01
      vertex -1.298934e-16 -7.071068e-01 -4.242641e-01
    endloop
  endfacet
  facet normal -4.346804e-02 4.413384e-01 8.962873e-01
    outer loop
      vertex -1.020566e-16 -5.555702e-01 -4.988818e-01
      vertex -1.298934e-16 -7.071068e-01 -4.242641e-01
      vertex 1.083864e-01 -5.448951e-01 -4.988818e-01
    endloop
  endfacet
  facet normal -4.346804e-02 4.413384e-01 8.962873e-01
    outer loop
      vertex 1.083864e-01 -5.448951e-01 -4.988818e-01
      vertex -1.298934e-16 -7.071068e-01 -4.242641e-01
      vertex 1.379497e-01 -6.935199e-01 -4.242641e-01
    endloop
  endfacet
  facet normal -1.287337e-01 4.243780e-01 8.962873e-01
    outer loop
      vertex 1.083864e-01 -5.448951e-01 -4.988818e-01
      vertex 1.379497e-01 -6.935199e-01 -4.242641e-01
      vertex 2.126075e-01 -5.132800e-01 -4.988818e-01
    endloop
  endfacet
  facet normal -1.287337e-01 4.243780e-01 8.962873e-01
    outer loop
      vertex 2.126075e-01 -5.132800e-01 -4.988818e-01
      vertex 1.379497e-01 -6.935199e-01 -4.242641e-01
      vertex 2.705981e-01 -6.532815e-01 -4.242641e-01
    endloop
  endfacet
  facet normal -2.090521e-01 3.911090e-01 8.962873e-01
    outer loop
      vertex 2.126075e-01 -5.132800e-01 -4.988818e-01
      vertex 2.705981e-01 -6.532815e-01 -4.242641e-01
      vertex 3.086583e-01 -4.619398e-01 -4.988818e-01
    endloop
  endfacet
  facet normal -2.090521e-01 3.911090e-01 8.962873e-01
    outer loop
      vertex 3.086583e-01 -4.619398e-01 -4.988818e-01
      vertex 2.705981e-01 -6.532815e-01 -4.242641e-01
      vertex 3.928475e-01 -5.879378e-01 -4.242641e-01
    endloop
  endfacet
  facet normal -2.813368e-01 3.428099e-01 8.962873e-01
    outer loop
      vertex 3.086583e-01 -4.619398e-01 -4.988818e-01
      vertex 3.928475e-01 -5.879378e-01 -4.242641e-01
      vertex 3.928475e-01 -3.928475e-01 -4.988818e-01
    endloop
  endfacet
  facet normal -2.813368e-01 3.428099e-01 8.962873e-01
    outer loop
      vertex 3.928475e-01 -3.928475e-01 -4.988818e-01
      vertex 3.928475e-01 -5.879378e-01 -4.242641e-01
      vertex 5.000000e-01 -5.000000e-01 -4.242641e-01
    endloop
  endfacet
  facet normal -3.428099e-01 2.813368e-01 8.962873e-01
    outer loop
      vertex 3.928475e-01 -3.928475e-01 -4.988818e-01
      vertex 5.000000e-01 -5.000000e-01 -4.242641e-01
      vertex 4.619398e-01 -3.086583e-01 -4.988818e-01
    endloop
  endfacet
  facet normal -3.428099e-01 2.813368e-01 8.962873e-01
    outer loop
      vertex 4.619398e-01 -3.086583e-01 -4.988818e-01
      vertex 5.000000e-01 -5.000000e-01 -4.242641e-01
      vertex 5.879378e-01 -3.928475e-01 -4.242641e-01
    endloop
  endfacet
  facet normal -3.911090e-01 2.090521e-01 8.962873e-01
    outer loop
      vertex 4.619398e-01 -3.086583e-01 -4.988818e-01
      vertex 5.879378e-01 -3.928475e-01 -4.242641e-01
      vertex 5.132800e-01 -2.126075e-01 -4.988818e-01
    endloop
  endfacet
  facet normal -3.911090e-01 2.090521e-01 8.962873e-01
    outer loop
      vertex 5.132800e-01 -2.126075e-01 -4.988818e-01
      vertex 5.879378e-01 -3.928475e-01 -4.242641e-01
      vertex 6.532815e-01 -2.705981e-01 -4.242641e-01
    endloop
  endfacet
  facet normal -4.243780e-01 1.287337e-01 8.962873e-01
    outer loop
      vertex 5.132800e-01 -2.126075e-01 -4.988818e-01
      vertex 6.532815e-01 -2.705981e-01 -4.242641e-01
      vertex 5.448951e-01 -1.083864e-01 -4.988818e-01
    endloop
  endfacet
  facet normal -4.243780e-01 1.287337e-01 8.962873e-01
    outer loop
      vertex 5.448951e-01 -1.083864e-01 -4.988818e-01
      vertex 6.532815e-01 -2.705981e-01 -4.242641e-01
      vertex 6.935199e-01 -1.379497e-01 -4.242641e-01
    endloop
  endfacet
  facet normal -4.413384e-01 4.346804e-02 8.962873e-01
    outer loop
      vertex 5.448951e-01 -1.083864e-01 -4.988818e-01
      vertex 6.935199e-01 -1.379497e-01 -4.242641e-01
      vertex 5.555702e-01 0.000000e+00 -4.988818e-01
    endloop
  endfacet
  facet normal -4.413384e-01 4.346804e-02 8.962873e-01
    outer loop
      vertex 5.555702e-01 0.000000e+00 -4.988818e-01
      vertex 6.935199e-01 -1.379497e-01 -4.242641e-01
      vertex 7.071068e-01 0.000000e+00 -4.242641e-01
    endloop
  endfacet
  facet normal -5.891972e-01 -5.803085e-02 8.059027e-01
    outer loop
      vertex 7.071068e-01 0.000000e+00 -4.242641e-01
      vertex 8.314696e-01 0.000000e+00 -3.333421e-01
      vertex 6.935199e-01 1.379497e-01 -4.242641e-01
    endloop
  endfacet
  facet normal -5.891972e-01 -5.803085e-02 8.059027e-01
    outer loop
      vertex 6.935199e-01 1.379497e-01 -4.242641e-01
      vertex 8.314696e-01 0.000000e+00 -3.333421e-01
      vertex 8.154932e-01 1.622117e-01 -3.333421e-01
    endloop
  endfacet
  facet normal -5.665546e-01 -1.718625e-01 8.059027e-01
    outer loop
      vertex 6.935199e-01 1.379497e-01 -4.242641e-01
      vertex 8.154932e-01 1.622117e-01 -3.333421e-01
      vertex 6.532815e-01 2.705981e-01 -4.242641e-01
    endloop
  endfacet
  facet normal -5.665546e-01 -1.718625e-01 8.059027e-01
    outer loop
      vertex 6.532815e-01 2.705981e-01 -4.242641e-01
      vertex 8.154932e-01 1.622117e-01 -3.333421e-01
      vertex 7.681778e-01 3.181896e-01 -3.333421e-01
    endloop
  endfacet
  facet normal -5.221397e-01 -2.790895e-01 8.059027e-01
    outer loop
      vertex 6.532815e-01 2.705981e-01 -4.242641e-01
      vertex 7.681778e-01 3.181896e-01 -3.333421e-01
      vertex 5.879378e-01 3.928475e-01 -4.242641e-01
    endloop
  endfacet
  facet normal -5.221397e-01 -2.790895e-01 8.059027e-01
    outer loop
      vertex 5.879378e-01 3.928475e-01 -4.242641e-01
      vertex 7.681778e-01 3.181896e-01 -3.333421e-01
      vertex 6.913417e-01 4.619398e-01 -3.333421e-01
    endloop
  endfacet
  facet normal -4.576593e-01 -3.755913e-01 8.059027e-01
    outer loop
      vertex 5.879378e-01 3.928475e-01 -4.242641e-01
      vertex 6.913417e-01 4.619398e-01 -3.333421e-01
      vertex 5.000000e-01 5.000000e-01 -4.242641e-01
    endloop
  endfacet
  facet normal -4.576593e-01 -3.755913e-01 8.059027e-01
    outer loop
      vertex 5.000000e-01 5.000000e-01 -4.242641e-01
      vertex 6.913417e-01 4.619398e-01 -3.333421e-01
      vertex 5.879378e-01 5.879378e-01 -3.333421e-01
    endloop
  endfacet
  facet normal -3.755913e-01 -4.576593e-01 8.059027e-01
    outer loop
      vertex 5.000000e-01 5.000000e-01 -4.242641e-01
      vertex 5.879378e-01 5.879378e-01 -3.333421e-01
      vertex 3.928475e-01 5.879378e-01 -4.242641e-01
    endloop
  endfacet
  facet normal -3.755913e-01 -4.576593e-01 8.059027e-01
    outer loop
      vertex 3.928475e-01 5.879378e-01 -4.242641e-01
      vertex 5.879378e-01 5.879378e-01 -3.333421e-01
      vertex 4.619398e-01 6.913417e-01 -3.333421e-01
    endloop
  endfacet
  facet normal -2.790895e-01 -5.221397e-01 8.059027e-01
    outer loop
      vertex 3.928475e-01 5.879378e-01 -4.242641e-01
      vertex 4.619398e-01 6.913417e-01 -3.333421e-01
      vertex 2.705981e-01 6.532815e-01 -4.242641e-01
    endloop
  endfacet
  facet normal -2.790895e-01 -5.221397e-01 8.059027e-01
    outer loop
      vertex 2.705981e-01 6.532815e-01 -4.242641e-01
      vertex 4.619398e-01 6.913417e-01 -3.333421e-01
      vertex 3.181896e-01 7.681778e-01 -3.333421e-01
    endloop
  endfacet
  facet normal -1.718625e-01 -5.665546e-01 8.059027e-01
    outer loop
      vertex 2.705981e-01 6.532815e-01 -4.242641e-01
      vertex 3.181896e-01 7.681778e-01 -3.333421e-01
      vertex 1.379497e-01 6.935199e-01 -4.242641e-01
    endloop
  endfacet
  facet normal -1.718625e-01 -5.665546e-01 8.059027e-01
    outer loop
      vertex 1.379497e-01 6.935199e-01 -4.242641e-01
      vertex 3.181896e-01 7.681778e-01 -3.333421e-01
      vertex 1.622117e-01 8.154932e-01 -3.333421e-01
    endloop
  endfacet
  facet normal -5.803085e-02 -5.891972e-01 8.059027e-01
    outer loop
      vertex 1.379497e-01 6.935199e-01 -4.242641e-01
      vertex 1.622117e-01 8.154932e-01 -3.333421e-01
      vertex 4.329780e-17 7.071068e-01 -4.242641e-01
    endloop
  endfacet
  facet normal -5.803085e-02 -5.891972e-01 8.059027e-01
    outer loop
      vertex 4.329780e-17 7.071068e-01 -4.242641e-01
      vertex 1.622117e-01 8.154932e-01 -3.333421e-01
      vertex 5.091283e-17 8.314696e-01 -3.333421e-01
    endloop
  endfacet
  facet normal 5.803085e-02 -5.891972e-01 8.059027e-01
    outer loop
      vertex 4.329780e-17 7.071068e-01 -4.242641e-01
      vertex 5.091283e-17 8.314696e-01 -3.333421e-01
      vertex -1.379497e-01 6.935199e-01 -4.242641e-01
    endloop
  endfacet
  facet normal 5.803085e-02 -5.891972e-01 8.059027e-01
    outer loop
      vertex -1.379497e-01 6.935199e-01 -4.242641e-01
      vertex 5.091283e-17 8.314696e-01 -3.333421e-01
      vertex -1.622117e-01 8.154932e-01 -3.333421e-01
    endloop
  endfacet
  facet normal 1.718625e-01 -5.665546e-01 8.059027e-01
    outer loop
      vertex -1.379497e-01 6.935199e-01 -4.242641e-01
      vertex -1.622117e-01 8.154932e-01 -3.333421e-01
      vertex -2.705981e-01 6.532815e-01 -4.242641e-01
    endloop
  endfacet
  facet normal 1.718625e-01 -5.665546e-01 8.059027e-01
    outer loop
      vertex -2.705981e-01 6.532815e-01 -4.242641e-01
      vertex -1.622117e-01 8.154932e-01 -3.333421e-01
      vertex -3.181896e-01 7.681778e-01 -3.333421e-01
    endloop
  endfacet
  facet normal 2.790895e-01 -5.221397e-01 8.059027e-01
    outer loop
      vertex -2.705981e-01 6.532815e-01 -4.242641e-01
      vertex -3.181896e-01 7.681778e-01 -3.333421e-01
      vertex -3.928475e-01 5.879378e-01 -4.242641e-01
    endloop
  endfacet
  facet normal 2.790895e-01 -5.221397e-01 8.059027e-01
    outer loop
      vertex -3.928475e-01 5.879378e-01 -4.242641e-01
      vertex -3.181896e-01 7.681778e-01 -3.333421e-01
      vertex -4.619398e-01 6.913417e-01 -3.333421e-01
    endloop
  endfacet
  facet normal 3.755913e-01 -4.576593e-01 8.059027e-01
    outer loop
      vertex -3.928475e-01 5.879378e-01 -4.242641e-01
      vertex -4.619398e-01 6.913417e-01 -3.333421e-01
      vertex -5.000000e-01 5.000000e-01 -4.242641e-01
    endloop
  endfacet
  facet normal 3.755913e-01 -4.576593e-01 8.059027e-01
    outer loop
      vertex -5.000000e-01 5.000000e-01 -4.242641e-01
      vertex -4.619398e-01 6.913417e-01 -3.333421e-01
      vertex -5.879378e-01 5.879378e-01 -3.333421e-01
    endloop
  endfacet
  facet normal 4.576593e-01 -3.755913e-01 8.059027e-01
    outer loop
      vertex -5.000000e-01 5.000000e-01 -4.242641e-01
      vertex -5.879378e-01 5.879378e-01 -3.333421e-01
      vertex -5.879378e-01 3.928475e-01 -4.242641e-01
    endloop
  endfacet
  facet normal 4.576593e-01 -3.755913e-01 8.059027e-01
    outer loop
      vertex -5.879378e-01 3.928475e-01 -4.242641e-01
      vertex -5.879378e-01 5.879378e-01 -3.333421e-01
      vertex -6.913417e-01 4.619398e-01 -3.333421e-01
    endloop
  endfacet
  facet normal 5.221397e-01 -2.790895e-01 8.059027e-01
    outer loop
      vertex -5.879378e-01 3.928475e-01 -4.242641e-01
      vertex -6.913417e-01 4.619398e-01 -3.333421e-01
      vertex -6.532815e-01 2.705981e-01 -4.242641e-01
    endloop
  endfacet
  facet normal 5.221397e-01 -2.790895e-01 8.059027e-01
    outer loop
      vertex -6.532815e-01 2.705981e-01 -4.242641e-01
      vertex -6.913417e-01 4.619398e-01 -3.333421e-01
      vertex -7.681778e-01 3.181896e-01 -3.333421e-01
    endloop
  endfacet
  facet normal 5.665546e-01 -1.718625e-01 8.059027e-01
    outer loop
      vertex -6.532815e-01 2.705981e-01 -4.242641e-01
      vertex -7.681778e-01 3.181896e-01 -3.333421e-01
      vertex -6.935199e-01 1.379497e-01 -4.242641e-01
    endloop
  endfacet
  facet normal 5.665546e-01 -1.718625e-01 8.059027e-01
    outer loop
      vertex -6.935199e-01 1.379497e-01 -4.242641e-01
      vertex -7.681778e-01 3.181896e-01 -3.333421e-01
      vertex -8.154932e-01 1.622117e-01 -3.333421e-01
    endloop
  endfacet
  facet normal 5.891972e-01 -5.803085e-02 8.059027e-01
    outer loop
      vertex -6.935199e-01 1.379497e-01 -4.242641e-01
      vertex -8.154932e-01 1.622117e-01 -3.333421e-01
      vertex -7.071068e-01 8.659561e-17 -4.242641e-01
    endloop
  endfacet
  facet normal 5.891972e-01 -5.803085e-02 8.059027e-01
    outer loop
      vertex -7.071068e-01 8.659561e-17 -4.242641e-01
      vertex -8.154932e-01 1.622117e-01 -3.333421e-01
      vertex -8.314696e-01 1.018257e-16 -3.333421e-01
    endloop
  endfacet
  facet normal 5.891972e-01 5.803085e-02 8.059027e-01
    outer loop
      vertex -7.071068e-01 8.659561e-17 -4.242641e-01
      vertex -8.314696e-01 1.018257e-16 -3.333421e-01
      vertex -6.935199e-01 -1.379497e-01 -4.242641e-01
    endloop
  endfacet
  facet normal 5.891972e-01 5.803085e-02 8.059027e-01
    outer loop
      vertex -6.935199e-01 -1.379497e-01 -4.242641e-01
      vertex -8.314696e-01 1.018257e-16 -3.333421e-01
      vertex -8.154932e-01 -1.622117e-01 -3.333421e-01
    endloop
  endfacet
  facet normal 5.665546e-01 1.718625e-01 8.059027e-01
    outer loop
      vertex -6.935199e-01 -1.379497e-01 -4.242641e-01
      vertex -8.154932e-01 -1.622117e-01 -3.333421e-01
      vertex -6.532815e-01 -2.705981e-01 -4.242641e-01
    endloop
  endfacet
  facet normal 5.665546e-01 1.718625e-01 8.059027e-01
    outer loop
      vertex -6.532815e-01 -2.705981e-01 -4.242641e-01
      vertex -8.154932e-01 -1.622117e-01 -3.333421e-01
      vertex -7.681778e-01 -3.181896e-01 -3.333421e-01
    endloop
  endfacet
  facet normal 5.221397e-01 2.790895e-01 8.059027e-01
    outer loop
      vertex -6.532815e-01 -2.705981e-01 -4.242641e-01
      vertex -7.681778e-01 -3.181896e-01 -3.333421e-01
      vertex -5.879378e-01 -3.928475e-01 -4.242641e-01
    endloop
  endfacet
  facet normal 5.221397e-01 2.790895e-01 8.059027e-01
    outer loop
      vertex -5.879378e-01 -3.928475e-01 -4.242641e-01
      vertex -7.681778e-01 -3.181896e-01 -3.333421e-01
      vertex -6.913417e-01 -4.619398e-01 -3.333421e-01
    endloop
  endfacet
  facet normal 4.576593e-01 3.755913e-01 8.059027e-01
    outer loop
      vertex -5.879378e-01 -3.928475e-01 -4.242641e-01
      vertex -6.913417e-01 -4.619398e-01 -3.333421e-01
      vertex -5.000000e-01 -5.000000e-01 -4.242641e-01
    endloop
  endfacet
  facet normal 4.576593e-01 3.755913e-01 8.059027e-01
    outer loop
      vertex -5.000000e-01 -5.000000e-01 -4.242641e-01
      vertex -6.913417e-01 -4.619398e-01 -3.333421e-01
      vertex -5.879378e-01 -5.879378e-01 -3.333421e-01
    endloop
  endfacet
  facet normal 3.755913e-01 4.576593e-01 8.059027e-01
    outer loop
      vertex -5.000000e-01 -5.000000e-01 -4.242641e-01
      vertex -5.879378e-01 -5.879378e-01 -3.333421e-01
      vertex -3.928475e-01 -5.879378e-01 -4.242641e-01
    endloop
  endfacet
  facet normal 3.755913e-01 4.576593e-01 8.059027e-01
    outer loop
      vertex -3.928475e-01 -5.879378e-01 -4.242641e-01
      vertex -5.879378e-01 -5.879378e-01 -3.333421e-01
      vertex -4.619398e-01 -6.913417e-01 -3.333421e-01
    endloop
  endfacet
  facet normal 2.790895e-01 5.221397e-01 8.059027e-01
    outer loop
      vertex -3.928475e-01 -5.879378e-01 -4.242641e-01
      vertex -4.619398e-01 -6.913417e-01 -3.333421e-01
      vertex -2.705981e-01 -6.532815e-01 -4.242641e-01
    endloop
  endfacet
  facet normal 2.790895e-01 5.221397e-01 8.059027e-01
    outer loop
      vertex -2.705981e-01 -6.532815e-01 -4.242641e-01
      vertex -4.619398e-01 -6.913417e-01 -3.333421e-01
      vertex -3.181896e-01 -7.681778e-01 -3.333421e-01
    endloop
  endfacet
  facet normal 1.718625e-01 5.665546e-01 8.059027e-01
    outer loop
      vertex -2.705981e-01 -6.532815e-01 -4.242641e-01
      vertex -3.181896e-01 -7.681778e-01 -3.333421e-01
      vertex -1.379497e-01 -6.935199e-01 -4.242641e-01
    endloop
  endfacet
  facet normal 1.718625e-01 5.665546e-01 8.059027e-01
    outer loop
      vertex -1.379497e-01 -6.935199e-01 -4.242641e-01
      vertex -3.181896e-01 -7.681778e-01 -3.333421e-01
      vertex -1.622117e-01 -8.154932e-01 -3.333421e-01
    endloop
  endfacet
  facet normal 5.803085e-02 5.891972e-01 8.059027e-01
    outer loop
      vertex -1.379497e-01 -6.935199e-01 -4.242641e-01
      vertex -1.622117e-01 -8.154932e-01 -3.333421e-01
      vertex -1.298934e-16 -7.071068e-01 -4.242641e-01
    endloop
  endfacet
  facet normal 5.803085e-02 5.891972e-01 8.059027e-01
    outer loop
      vertex -1.298934e-16 -7.071068e-01 -4.242641e-01
      vertex -1.622117e-01 -8.154932e-01 -3.333421e-01
      vertex -1.527385e-16 -8.314696e-01 -3.333421e-01
    endloop
  endfacet
  facet normal -5.803085e-02 5.891972e-01 8.059027e-01
    outer loop
      vertex -1.298934e-16 -7.071068e-01 -4.242641e-01
      vertex -1.527385e-16 -8.314696e-01 -3.333421e-01
      vertex 1.379497e-01 -6.935199e-01 -4.242641e-01
    endloop
  endfacet
  facet normal -5.803085e-02 5.891972e-01 8.059027e-01
    outer loop
      vertex 1.379497e-01 -6.935199e-01 -4.242641e-01
      vertex -1.527385e-16 -8.314696e-01 -3.333421e-01
      vertex 1.622117e-01 -8.154932e-01 -3.333421e-01
    endloop
  endfacet
  facet normal -1.718625e-01 5.665546e-01 8.059027e-01
    outer loop
      vertex 1.379497e-01 -6.935199e-01 -4.242641e-01
      vertex 1.622117e-01 -8.154932e-01 -3.333421e-01
      vertex 2.705981e-01 -6.532815e-01 -4.242641e-01
    endloop
  endfacet
  facet normal -1.718625e-01 5.665546e-01 8.059027e-01
    outer loop
      vertex 2.705981e-01 -6.532815e-01 -4.242641e-01
      vertex 1.622117e-01 -8.154932e-01 -3.333421e-01
      vertex 3.181896e-01 -7.681778e-01 -3.333421e-01
    endloop
  endfacet
  facet normal -2.790895e-01 5.221397e-01 8.059027e-01
    outer loop
      vertex 2.705981e-01 -6.532815e-01 -4.242641e-01
      vertex 3.181896e-01 -7.681778e-01 -3.333421e-01
      vertex 3.928475e-01 -5.879378e-01 -4.242641e-01
    endloop
  endfacet
  facet normal -2.790895e-01 5.221397e-01 8.059027e-01
    outer loop
      vertex 3.928475e-01 -5.879378e-01 -4.242641e-01
      vertex 3.181896e-01 -7.681778e-01 -3.333421e-01
      vertex 4.619398e-01 -6.913417e-01 -3.333421e-01
    endloop
  endfacet
  facet normal -3.755913e-01 4.576593e-01 8.059027e-01
    outer loop
      vertex 3.928475e-01 -5.879378e-01 -4.242641e-01
      vertex 4.619398e-01 -6.913417e-01 -3.333421e-01
      vertex 5.000000e-01 -5.000000e-01 -4.242641e-01
    endloop
  endfacet
  facet normal -3.755913e-01 4.576593e-01 8.059027e-01
    outer loop
      vertex 5.000000e-01 -5.000000e-01 -4.242641e-01
      vertex 4.619398e-01 -6.913417e-01 -3.333421e-01
      vertex 5.879378e-01 -5.879378e-01 -3.333421e-01
    endloop
  endfacet
  facet normal -4.576593e-01 3.755913e-01 8.059027e-01
    outer loop
      vertex 5.000000e-01 -5.000000e-01 -4.242641e-01
      vertex 5.879378e-01 -5.879378e-01 -3.333421e-01
      vertex 5.879378e-01 -3.928475e-01 -4.242641e-01
    endloop
  endfacet
  facet normal -4.576593e-01 3.755913e-01 8.059027e-01
    outer loop
      vertex 5.879378e-01 -3.928475e-01 -4.242641e-01
      vertex 5.879378e-01 -5.879378e-01 -3.333421e-01
      vertex 6.913417e-01 -4.619398e-01 -3.333421e-01
    endloop
  endfacet
  facet normal -5.221397e-01 2.790895e-01 8.059027e-01
    outer loop
      vertex 5.879378e-01 -3.928475e-01 -4.242641e-01
      vertex 6.913417e-01 -4.619398e-01 -3.333421e-01
      vertex 6.532815e-01 -2.705981e-01 -4.242641e-01
    endloop
  endfacet
  facet normal -5.221397e-01 2.790895e-01 8.059027e-01
    outer loop
      vertex 6.532815e-01 -2.705981e-01 -4.242641e-01
      vertex 6.913417e-01 -4.619398e-01 -3.333421e-01
      vertex 7.681778e-01 -3.181896e-01 -3.333421e-01
    endloop
  endfacet
  facet normal -5.665546e-01 1.718625e-01 8.059027e-01
    outer loop
      vertex 6.532815e-01 -2.705981e-01 -4.242641e-01
      vertex 7.681778e-01 -3.181896e-01 -3.333421e-01
      vertex 6.935199e-01 -1.379497e-01 -4.242641e-01
    endloop
  endfacet
  facet normal -5.665546e-01 1.718625e-01 8.059027e-01
    outer loop
      vertex 6.935199e-01 -1.379497e-01 -4.242641e-01
      vertex 7.681778e-01 -3.181896e-01 -3.333421e-01
      vertex 8.154932e-01 -1.622117e-01 -3.333421e-01
    endloop
  endfacet
  facet normal -5.891972e-01 5.803085e-02 8.059027e-01
    outer loop
      vertex 6.935199e-01 -1.379497e-01 -4.242641e-01
      vertex 8.154932e-01 -1.622117e-01 -3.333421e-01
      vertex 7.071068e-01 0.000000e+00 -4.242641e-01
    endloop
  endfacet
  facet normal -5.891972e-01 5.803085e-02 8.059027e-01
    outer loop
      vertex 7.071068e-01 0.000000e+00 -4.242641e-01
      vertex 8.154932e-01 -1.622117e-01 -3.333421e-01
      vertex 8.314696e-01 0.000000e+00 -3.333421e-01
    endloop
  endfacet
  facet normal -7.446700e-01 -7.334360e-02 6.633907e-01
    outer loop
      vertex 8.314696e-01 0.000000e+00 -3.333421e-01
      vertex 9.238795e-01 0.000000e+00 -2.296101e-01
      vertex 8.154932e-01 1.622117e-01 -3.333421e-01
    endloop
  endfacet
  facet normal -7.446700e-01 -7.334360e-02 6.633907e-01
    outer loop
      vertex 8.154932e-01 1.622117e-01 -3.333421e-01
      vertex 9.238795e-01 0.000000e+00 -2.296101e-01
      vertex 9.061274e-01 1.802400e-01 -2.296101e-01
    endloop
  endfacet
  facet normal -7.160528e-01 -2.172122e-01 6.633907e-01
    outer loop
      vertex 8.154932e-01 1.622117e-01 -3.333421e-01
      vertex 9.061274e-01 1.802400e-01 -2.296101e-01
      vertex 7.681778e-01 3.181896e-01 -3.333421e-01
    endloop
  endfacet
  facet normal -7.160528e-01 -2.172122e-01 6.633907e-01
    outer loop
      vertex 7.681778e-01 3.181896e-01 -3.333421e-01
      vertex 9.061274e-01 1.802400e-01 -2.296101e-01
      vertex 8.535534e-01 3.535534e-01 -2.296101e-01
    endloop
  endfacet
  facet normal -6.599180e-01 -3.527335e-01 6.633907e-01
    outer loop
      vertex 7.681778e-01 3.181896e-01 -3.333421e-01
      vertex 8.535534e-01 3.535534e-01 -2.296101e-01
      vertex 6.913417e-01 4.619398e-01 -3.333421e-01
    endloop
  endfacet
  facet normal -6.599180e-01 -3.527335e-01 6.633907e-01
    outer loop
      vertex 6.913417e-01 4.619398e-01 -3.333421e-01
      vertex 8.535534e-01 3.535534e-01 -2.296101e-01
      vertex 7.681778e-01 5.132800e-01 -2.296101e-01
    endloop
  endfacet
  facet normal -5.784230e-01 -4.746995e-01 6.633907e-01
    outer loop
      vertex 6.913417e-01 4.619398e-01 -3.333421e-01
      vertex 7.681778e-01 5.132800e-01 -2.296101e-01
      vertex 5.879378e-01 5.879378e-01 -3.333421e-01
    endloop
  endfacet
  facet normal -5.784230e-01 -4.746995e-01 6.633907e-01
    outer loop
      vertex 5.879378e-01 5.879378e-01 -3.333421e-01
      vertex 7.681778e-01 5.132800e-01 -2.296101e-01
      vertex 6.532815e-01 6.532815e-01 -2.296101e-01
    endloop
  endfacet
  facet normal -4.746995e-01 -5.784230e-01 6.633907e-01
    outer loop
      vertex 5.879378e-01 5.879378e-01 -3.333421e-01
      vertex 6.532815e-01 6.532815e-01 -2.296101e-01
      vertex 4.619398e-01 6.913417e-01 -3.333421e-01
    endloop
  endfacet
  facet normal -4.746995e-01 -5.784230e-01 6.633907e-01
    outer loop
      vertex 4.619398e-01 6.913417e-01 -3.333421e-01
      vertex 6.532815e-01 6.532815e-01 -2.296101e-01
      vertex 5.132800e-01 7.681778e-01 -2.296101e-01
    endloop
  endfacet
  facet normal -3.527335e-01 -6.599180e-01 6.633907e-01
    outer loop
      vertex 4.619398e-01 6.913417e-01 -3.333421e-01
      vertex 5.132800e-01 7.681778e-01 -2.296101e-01
      vertex 3.181896e-01 7.681778e-01 -3.333421e-01
    endloop
  endfacet
  facet normal -3.527335e-01 -6.599180e-01 6.633907e-01
    outer loop
      vertex 3.181896e-01 7.681778e-01 -3.333421e-01
      vertex 5.132800e-01 7.681778e-01 -2.296101e-01
      vertex 3.535534e-01 8.535534e-01 -2.296101e-01
    endloop
  endfacet
  facet normal -2.172122e-01 -7.160528e-01 6.633907e-01
    outer loop
      vertex 3.181896e-01 7.681778e-01 -3.333421e-01
      vertex 3.535534e-01 8.535534e-01 -2.296101e-01
      vertex 1.622117e-01 8.154932e-01 -3.333421e-01
    endloop
  endfacet
  facet normal -2.172122e-01 -7.160528e-01 6.633907e-01
    outer loop
      vertex 1.622117e-01 8.154932e-01 -3.333421e-01
      vertex 3.535534e-01 8.535534e-01 -2.296101e-01
      vertex 1.802400e-01 9.061274e-01 -2.296101e-01
    endloop
  endfacet
  facet normal -7.334360e-02 -7.446700e-01 6.633907e-01
    outer loop
      vertex 1.622117e-01 8.154932e-01 -3.333421e-01
      vertex 1.802400e-01 9.061274e-01 -2.296101e-01
      vertex 5.091283e-17 8.314696e-01 -3.333421e-01
    endloop
  endfacet
  facet normal -7.334360e-02 -7.446700e-01 6.633907e-01
    outer loop
      vertex 5.091283e-17 8.314696e-01 -3.333421e-01
      vertex 1.802400e-01 9.061274e-01 -2.296101e-01
      vertex 5.657131e-17 9.238795e-01 -2.296101e-01
    endloop
  endfacet
  facet normal 7.334360e-02 -7.446700e-01 6.633907e-01
    outer loop
      vertex 5.091283e-17 8.314696e-01 -3.333421e-01
      vertex 5.657131e-17 9.238795e-01 -2.296101e-01
      vertex -1.622117e-01 8.154932e-01 -3.333421e-01
    endloop
  endfacet
  facet normal 7.334360e-02 -7.446700e-01 6.633907e-01
    outer loop
      vertex -1.622117e-01 8.154932e-01 -3.333421e-01
      vertex 5.657131e-17 9.238795e-01 -2.296101e-01
      vertex -1.802400e-01 9.061274e-01 -2.296101e-01
    endloop
  endfacet
  facet normal 2.172122e-01 -7.160528e-01 6.633907e-01
    outer loop
      vertex -1.622117e-01 8.154932e-01 -3.333421e-01
      vertex -1.802400e-01 9.061274e-01 -2.296101e-01
      vertex -3.181896e-01 7.681778e-01 -3.333421e-01
    endloop
  endfacet
  facet normal 2.172122e-01 -7.160528e-01 6.633907e-01
    outer loop
      vertex -3.181896e-01 7.681778e-01 -3.333421e-01
      vertex -1.802400e-01 9.061274e-01 -2.296101e-01
      vertex -3.535534e-01 8.535534e-01 -2.296101e-01
    endloop
  endfacet
  facet normal 3.527335e-01 -6.599180e-01 6.633907e-01
    outer loop
      vertex -3.181896e-01 7.681778e-01 -3.333421e-01
      vertex -3.535534e-01 8.535534e-01 -2.296101e-01
      vertex -4.619398e-01 6.913417e-01 -3.333421e-01
    endloop
  endfacet
  facet normal 3.527335e-01 -6.599180e-01 6.633907e-01
    outer loop
      vertex -4.619398e-01 6.913417e-01 -3.333421e-01
      vertex -3.535534e-01 8.535534e-01 -2.296101e-01
      vertex -5.132800e-01 7.681778e-01 -2.296101e-01
    endloop
  endfacet
  facet normal 4.746995e-01 -5.784230e-01 6.633907e-01
    outer loop
      vertex -4.619398e-01 6.913417e-01 -3.333421e-01
      vertex -5.132800e-01 7.681778e-01 -2.296101e-01
      vertex -5.879378e-01 5.879378e-01 -3.333421e-01
    endloop
  endfacet
  facet normal 4.746995e-01 -5.784230e-01 6.633907e-01
    outer loop
      vertex -5.879378e-01 5.879378e-01 -3.333421e-01
      vertex -5.132800e-01 7.681778e-01 -2.296101e-01
      vertex -6.532815e-01 6.532815e-01 -2.296101e-01
    endloop
  endfacet
  facet normal 5.784230e-01 -4.746995e-01 6.633907e-01
    outer loop
      vertex -5.879378e-01 5.879378e-01 -3.333421e-01
      vertex -6.532815e-01 6.532815e-01 -2.296101e-01
      vertex -6.913417e-01 4.619398e-01 -3.333421e-01
    endloop
  endfacet
  facet normal 5.784230e-01 -4.746995e-01 6.633907e-01
    outer loop
      vertex -6.913417e-01 4.619398e-01 -3.333421e-01
      vertex -6.532815e-01 6.532815e-01 -2.296101e-01
      vertex -7.681778e-01 5.132800e-01 -2.296101e-01
    endloop
  endfacet
  facet normal 6.599180e-01 -3.527335e-01 6.633907e-01
    outer loop
      vertex -6.913417e-01 4.619398e-01 -3.333421e-01
      vertex -7.681778e-01 5.132800e-01 -2.296101e-01
      vertex -7.681778e-01 3.181896e-01 -3.333421e-01
    endloop
  endfacet
  facet normal 6.599180e-01 -3.527335e-01 6.633907e-01
    outer loop
      vertex -7.681778e-01 3.181896e-01 -3.333421e-01
      vertex -7.681778e-01 5.132800e-01 -2.296101e-01
      vertex -8.535534e-01 3.535534e-01 -2.296101e-01
    endloop
  endfacet
  facet normal 7.160528e-01 -2.172122e-01 6.633907e-01
    outer loop
      vertex -7.681778e-01 3.181896e-01 -3.333421e-01
      vertex -8.535534e-01 3.535534e-01 -2.296101e-01
      vertex -8.154932e-01 1.622117e-01 -3.333421e-01
    endloop
  endfacet
  facet normal 7.160528e-01 -2.172122e-01 6.633907e-01
    outer loop
      vertex -8.154932e-01 1.622117e-01 -3.333421e-01
      vertex -8.535534e-01 3.535534e-01 -2.296101e-01
      vertex -9.061274e-01 1.802400e-01 -2.296101e-01
    endloop
  endfacet
  facet normal 7.446700e-01 -7.334360e-02 6.633907e-01
    outer loop
      vertex -8.154932e-01 1.622117e-01 -3.333421e-01
      vertex -9.061274e-01 1.802400e-01 -2.296101e-01
      vertex -8.314696e-01 1.018257e-16 -3.333421e-01
    endloop
  endfacet
  facet normal 7.446700e-01 -7.334360e-02 6.633907e-01
    outer loop
      vertex -8.314696e-01 1.018257e-16 -3.333421e-01
      vertex -9.061274e-01 1.802400e-01 -2.296101e-01
      vertex -9.238795e-01 1.131426e-16 -2.296101e-01
    endloop
  endfacet
  facet normal 7.446700e-01 7.334360e-02 6.633907e-01
    outer loop
      vertex -8.314696e-01 1.018257e-16 -3.333421e-01
      vertex -9.238795e-01 1.131426e-16 -2.296101e-01
      vertex -8.154932e-01 -1.622117e-01 -3.333421e-01
    endloop
  endfacet
  facet normal 7.446700e-01 7.334360e-02 6.633907e-01
    outer loop
      vertex -8.154932e-01 -1.622117e-01 -3.333421e-01
      vertex -9.238795e-01 1.131426e-16 -2.296101e-01
      vertex -9.061274e-01 -1.802400e-01 -2.296101e-01
    endloop
  endfacet
  facet normal 7.160528e-01 2.172122e-01 6.633907e-01
    outer loop
      vertex -8.154932e-01 -1.622117e-01 -3.333421e-01
      vertex -9.061274e-01 -1.802400e-01 -2.296101e-01
      vertex -7.681778e-01 -3.181896e-01 -3.333421e-01
    endloop
  endfacet
  facet normal 7.160528e-01 2.172122e-01 6.633907e-01
    outer loop
      vertex -7.681778e-01 -3.181896e-01 -3.333421e-01
      vertex -9.061274e-01 -1.802400e-01 -2.296101e-01
      vertex -8.535534e-01 -3.535534e-01 -2.296101e-01
    endloop
  endfacet
  facet normal 6.599180e-01 3.527335e-01 6.633907e-01
    outer loop
      vertex -7.681778e-01 -3.181896e-01 -3.333421e-01
      vertex -8.535534e-01 -3.535534e-01 -2.296101e-01
      vertex -6.913417e-01 -4.619398e-01 -3.333421e-01
    endloop
  endfacet
  facet normal 6.599180e-01 3.527335e-01 6.633907e-01
    outer loop
      vertex -6.913417e-01 -4.619398e-01 -3.333421e-01
      vertex -8.535534e-01 -3.535534e-01 -2.296101e-01
      vertex -7.681778e-01 -5.132800e-01 -2.296101e-01
    endloop
  endfacet
  facet normal 5.784230e-01 4.746995e-01 6.633907e-01
    outer loop
      vertex -6.913417e-01 -4.619398e-01 -3.333421e-01
      vertex -7.681778e-01 -5.132800e-01 -2.296101e-01
      vertex -5.879378e-01 -5.879378e-01 -3.333421e-01
    endloop
  endfacet
  facet normal 5.784230e-01 4.746995e-01 6.633907e-01
    outer loop
      vertex -5.879378e-01 -5.879378e-01 -3.333421e-01
      vertex -7.681778e-01 -5.132800e-01 -2.296101e-01
      vertex -6.532815e-01 -6.532815e-01 -2.296101e-01
    endloop
  endfacet
  facet normal 4.746995e-01 5.784230e-01 6.633907e-01
    outer loop
      vertex -5.879378e-01 -5.879378e-01 -3.333421e-01
      vertex -6.532815e-01 -6.532815e-01 -2.296101e-01
      vertex -4.619398e-01 -6.913417e-01 -3.333421e-01
    endloop
  endfacet
  facet normal 4.746995e-01 5.784230e-01 6.633907e-01
    outer loop
      vertex -4.619398e-01 -6.913417e-01 -3.333421e-01
      vertex -6.532815e-01 -6.532815e-01 -2.296101e-01
      vertex -5.132800e-01 -7.681778e-01 -2.296101e-01
    endloop
  endfacet
  facet normal 3.527335e-01 6.599180e-01 6.633907e-01
    outer loop
      vertex -4.619398e-01 -6.913417e-01 -3.333421e-01
      vertex -5.132800e-01 -7.681778e-01 -2.296101e-01
      vertex -3.181896e-01 -7.681778e-01 -3.333421e-01
    endloop
  endfacet
  facet normal 3.527335e-01 6.599180e-01 6.633907e-01
    outer loop
      vertex -3.181896e-01 -7.681778e-01 -3.333421e-01
      vertex -5.132800e-01 -7.681778e-01 -2.296101e-01
      vertex -3.535534e-01 -8.535534e-01 -2.296101e-01
    endloop
  endfacet
  facet normal 2.172122e-01 7.160528e-01 6.633907e-01
    outer loop
      vertex -3.181896e-01 -7.681778e-01 -3.333421e-01
      vertex -3.535534e-01 -8.535534e-01 -2.296101e-01
      vertex -1.622117e-01 -8.154932e-01 -3.333421e-01
    endloop
  endfacet
  facet normal 2.172122e-01 7.160528e-01 6.633907e-01
    outer loop
      vertex -1.622117e-01 -8.154932e-01 -3.333421e-01
      vertex -3.535534e-01 -8.535534e-01 -2.296101e-01
      vertex -1.802400e-01 -9.061274e-01 -2.296101e-01
    endloop
  endfacet
  facet normal 7.334360e-02 7.446700e-01 6.633907e-01
    outer loop
      vertex -1.622117e-01 -8.154932e-01 -3.333421e-01
      vertex -1.802400e-01 -9.061274e-01 -2.296101e-01
      vertex -1.527385e-16 -8.314696e-01 -3.333421e-01
    endloop
  endfacet
  facet normal 7.334360e-02 7.446700e-01 6.633907e-01
    outer loop
      vertex -1.527385e-16 -8.314696e-01 -3.333421e-01
      vertex -1.802400e-01 -9.061274e-01 -2.296101e-01
      vertex -1.697139e-16 -9.238795e-01 -2.296101e-01
    endloop
  endfacet
  facet normal -7.334360e-02 7.446700e-01 6.633907e-01
    outer loop
      vertex -1.527385e-16 -8.314696e-01 -3.333421e-01
      vertex -1.697139e-16 -9.238795e-01 -2.296101e-01
      vertex 1.622117e-01 -8.154932e-01 -3.333421e-01
    endloop
  endfacet
  facet normal -7.334360e-02 7.446700e-01 6.633907e-01
    outer loop
      vertex 1.622117e-01 -8.154932e-01 -3.333421e-01
      vertex -1.697139e-16 -9.238795e-01 -2.296101e-01
      vertex 1.802400e-01 -9.061274e-01 -2.296101e-01
    endloop
  endfacet
  facet normal -2.172122e-01 7.160528e-01 6.633907e-01
    outer loop
      vertex 1.622117e-01 -8.154932e-01 -3.333421e-01
      vertex 1.802400e-01 -9.061274e-01 -2.296101e-01
      vertex 3.181896e-01 -7.681778e-01 -3.333421e-01
    endloop
  endfacet
  facet normal -2.172122e-01 7.160528e-01 6.633907e-01
    outer loop
      vertex 3.181896e-01 -7.681778e-01 -3.333421e-01
      vertex 1.802400e-01 -9.061274e-01 -2.296101e-01
      vertex 3.535534e-01 -8.535534e-01 -2.296101e-01
    endloop
  endfacet
  facet normal -3.527335e-01 6.599180e-01 6.633907e-01
    outer loop
      vertex 3.181896e-01 -7.681778e-01 -3.333421e-01
      vertex 3.535534e-01 -8.535534e-01 -2.296101e-01
      vertex 4.619398e-01 -6.913417e-01 -3.333421e-01
    endloop
  endfacet
  facet normal -3.527335e-01 6.599180e-01 6.633907e-01
    outer loop
      vertex 4.619398e-01 -6.913417e-01 -3.333421e-01
      vertex 3.535534e-01 -8.535534e-01 -2.296101e-01
      vertex 5.132800e-01 -7.681778e-01 -2.296101e-01
    endloop
  endfacet
  facet normal -4.746995e-01 5.784230e-01 6.633907e-01
    outer loop
      vertex 4.619398e-01 -6.913417e-01 -3.333421e-01
      vertex 5.132800e-01 -7.681778e-01 -2.296101e-01
      vertex 5.879378e-01 -5.879378e-01 -3.333421e-01
    endloop
  endfacet
  facet normal -4.746995e-01 5.784230e-01 6.633907e-01
    outer loop
      vertex 5.879378e-01 -5.879378e-01 -3.333421e-01
      vertex 5.132800e-01 -7.681778e-01 -2.296101e-01
      vertex 6.532815e-01 -6.532815e-01 -2.296101e-01
    endloop
  endfacet
  facet normal -5.784230e-01 4.746995e-01 6.633907e-01
    outer loop
      vertex 5.879378e-01 -5.879378e-01 -3.333421e-01
      vertex 6.532815e-01 -6.532815e-01 -2.296101e-01
      vertex 6.913417e-01 -4.619398e-01 -3.333421e-01
    endloop
  endfacet
  facet normal -5.784230e-01 4.746995e-01 6.633907e-01
    outer loop
      vertex 6.913417e-01 -4.619398e-01 -3.333421e-01
      vertex 6.532815e-01 -6.532815e-01 -2.296101e-01
      vertex 7.681778e-01 -5.132800e-01 -2.296101e-01
    endloop
  endfacet
  facet normal -6.599180e-01 3.527335e-01 6.633907e-01
    outer loop
      vertex 6.913417e-01 -4.619398e-01 -3.333421e-01
      vertex 7.681778e-01 -5.132800e-01 -2.296101e-01
      vertex 7.681778e-01 -3.181896e-01 -3.333421e-01
    endloop
  endfacet
  facet normal -6.599180e-01 3.527335e-01 6.633907e-01
    outer loop
      vertex 7.681778e-01 -3.181896e-01 -3.333421e-01
      vertex 7.681778e-01 -5.132800e-01 -2.296101e-01
      vertex 8.535534e-01 -3.535534e-01 -2.296101e-01
    endloop
  endfacet
  facet normal -7.160528e-01 2.172122e-01 6.633907e-01
    outer loop
      vertex 7.681778e-01 -3.181896e-01 -3.333421e-01
      vertex 8.535534e-01 -3.535534e-01 -2.296101e-01
      vertex 8.154932e-01 -1.622117e-01 -3.333421e-01
    endloop
  endfacet
  facet normal -7.160528e-01 2.172122e-01 6.633907e-01
    outer loop
      vertex 8.154932e-01 -1.622117e-01 -3.333421e-01
      vertex 8.535534e-01 -3.535534e-01 -2.296101e-01
      vertex 9.061274e-01 -1.802400e-01 -2.296101e-01
    endloop
  endfacet
  facet normal -7.446700e-01 7.334360e-02 6.633907e-01
    outer loop
      vertex 8.154932e-01 -1.622117e-01 -3.333421e-01
      vertex 9.061274e-01 -1.802400e-01 -2.296101e-01
      vertex 8.314696e-01 0.000000e+00 -3.333421e-01
    endloop
  endfacet
  facet normal -7.446700e-01 7.334360e-02 6.633907e-01
    outer loop
      vertex 8.314696e-01 0.000000e+00 -3.333421e-01
      vertex 9.061274e-01 -1.802400e-01 -2.296101e-01
      vertex 9.238795e-01 0.000000e+00 -2.296101e-01
    endloop
  endfacet
  facet normal -8.889997e-01 -8.755883e-02 4.494585e-01
    outer loop
      vertex 9.238795e-01 0.000000e+00 -2.296101e-01
      vertex 9.807853e-01 0.000000e+00 -1.170542e-01
      vertex 9.061274e-01 1.802400e-01 -2.296101e-01
    endloop
  endfacet
  facet normal -8.889997e-01 -8.755883e-02 4.494585e-01
    outer loop
      vertex 9.061274e-01 1.802400e-01 -2.296101e-01
      vertex 9.807853e-01 0.000000e+00 -1.170542e-01
      vertex 9.619398e-01 1.913417e-01 -1.170542e-01
    endloop
  endfacet
  facet normal -8.548360e-01 -2.593117e-01 4.494585e-01
    outer loop
      vertex 9.061274e-01 1.802400e-01 -2.296101e-01
      vertex 9.619398e-01 1.913417e-01 -1.170542e-01
      vertex 8.535534e-01 3.535534e-01 -2.296101e-01
    endloop
  endfacet
  facet normal -8.548360e-01 -2.593117e-01 4.494585e-01
    outer loop
      vertex 8.535534e-01 3.535534e-01 -2.296101e-01
      vertex 9.619398e-01 1.913417e-01 -1.170542e-01
      vertex 9.061274e-01 3.753303e-01 -1.170542e-01
    endloop
  endfacet
  facet normal -7.878213e-01 -4.210993e-01 4.494585e-01
    outer loop
      vertex 8.535534e-01 3.535534e-01 -2.296101e-01
      vertex 9.061274e-01 3.753303e-01 -1.170542e-01
      vertex 7.681778e-01 5.132800e-01 -2.296101e-01
    endloop
  endfacet
  facet normal -7.878213e-01 -4.210993e-01 4.494585e-01
    outer loop
      vertex 7.681778e-01 5.132800e-01 -2.296101e-01
      vertex 9.061274e-01 3.753303e-01 -1.170542e-01
      vertex 8.154932e-01 5.448951e-01 -1.170542e-01
    endloop
  endfacet
  facet normal -6.905312e-01 -5.667043e-01 4.494585e-01
    outer loop
      vertex 7.681778e-01 5.132800e-01 -2.296101e-01
      vertex 8.154932e-01 5.448951e-01 -1.170542e-01
      vertex 6.532815e-01 6.532815e-01 -2.296101e-01
    endloop
  endfacet
  facet normal -6.905312e-01 -5.667043e-01 4.494585e-01
    outer loop
      vertex 6.532815e-01 6.532815e-01 -2.296101e-01
      vertex 8.154932e-01 5.448951e-01 -1.170542e-01
      vertex 6.935199e-01 6.935199e-01 -1.170542e-01
    endloop
  endfacet
  facet normal -5.667043e-01 -6.905312e-01 4.494585e-01
    outer loop
      vertex 6.532815e-01 6.532815e-01 -2.296101e-01
      vertex 6.935199e-01 6.935199e-01 -1.170542e-01
      vertex 5.132800e-01 7.681778e-01 -2.296101e-01
    endloop
  endfacet
  facet normal -5.667043e-01 -6.905312e-01 4.494585e-01
    outer loop
      vertex 5.132800e-01 7.681778e-01 -2.296101e-01
      vertex 6.935199e-01 6.935199e-01 -1.170542e-01
      vertex 5.448951e-01 8.154932e-01 -1.170542e-01
    endloop
  endfacet
  facet normal -4.210993e-01 -7.878213e-01 4.494585e-01
    outer loop
      vertex 5.132800e-01 7.681778e-01 -2.296101e-01
      vertex 5.448951e-01 8.154932e-01 -1.170542e-01
      vertex 3.535534e-01 8.535534e-01 -2.296101e-01
    endloop
  endfacet
  facet normal -4.210993e-01 -7.878213e-01 4.494585e-01
    outer loop
      vertex 3.535534e-01 8.535534e-01 -2.296101e-01
      vertex 5.448951e-01 8.154932e-01 -1.170542e-01
      vertex 3.753303e-01 9.061274e-01 -1.170542e-01
    endloop
  endfacet
  facet normal -2.593117e-01 -8.548360e-01 4.494585e-01
    outer loop
      vertex 3.535534e-01 8.535534e-01 -2.296101e-01
      vertex 3.753303e-01 9.061274e-01 -1.170542e-01
      vertex 1.802400e-01 9.061274e-01 -2.296101e-01
    endloop
  endfacet
  facet normal -2.593117e-01 -8.548360e-01 4.494585e-01
    outer loop
      vertex 1.802400e-01 9.061274e-01 -2.296101e-01
      vertex 3.753303e-01 9.061274e-01 -1.170542e-01
      vertex 1.913417e-01 9.619398e-01 -1.170542e-01
    endloop
  endfacet
  facet normal -8.755883e-02 -8.889997e-01 4.494585e-01
    outer loop
      vertex 1.802400e-01 9.061274e-01 -2.296101e-01
      vertex 1.913417e-01 9.619398e-01 -1.170542e-01
      vertex 5.657131e-17 9.238795e-01 -2.296101e-01
    endloop
  endfacet
  facet normal -8.755883e-02 -8.889997e-01 4.494585e-01
    outer loop
      vertex 5.657131e-17 9.238795e-01 -2.296101e-01
      vertex 1.913417e-01 9.619398e-01 -1.170542e-01
      vertex 6.005578e-17 9.807853e-01 -1.170542e-01
    endloop
  endfacet
  facet normal 8.755883e-02 -8.889997e-01 4.494585e-01
    outer loop
      vertex 5.657131e-17 9.238795e-01 -2.296101e-01
      vertex 6.005578e-17 9.807853e-01 -1.170542e-01
      vertex -1.802400e-01 9.061274e-01 -2.296101e-01
    endloop
  endfacet
  facet normal 8.755883e-02 -8.889997e-01 4.494585e-01
    outer loop
      vertex -1.802400e-01 9.061274e-01 -2.296101e-01
      vertex 6.005578e-17 9.807853e-01 -1.170542e-01
      vertex -1.913417e-01 9.619398e-01 -1.170542e-01
    endloop
  endfacet
  facet normal 2.593117e-01 -8.548360e-01 4.494585e-01
    outer loop
      vertex -1.802400e-01 9.061274e-01 -2.296101e-01
      vertex -1.913417e-01 9.619398e-01 -1.170542e-01
      vertex -3.535534e-01 8.535534e-01 -2.296101e-01
    endloop
  endfacet
  facet normal 2.593117e-01 -8.548360e-01 4.494585e-01
    outer loop
      vertex -3.535534e-01 8.535534e-01 -2.296101e-01
      vertex -1.913417e-01 9.619398e-01 -1.170542e-01
      vertex -3.753303e-01 9.061274e-01 -1.170542e-01
    endloop
  endfacet
  facet normal 4.210993e-01 -7.878213e-01 4.494585e-01
    outer loop
      vertex -3.535534e-01 8.535534e-01 -2.296101e-01
      vertex -3.753303e-01 9.061274e-01 -1.170542e-01
      vertex -5.132800e-01 7.681778e-01 -2.296101e-01
    endloop
  endfacet
  facet normal 4.210993e-01 -7.878213e-01 4.494585e-01
    outer loop
      vertex -5.132800e-01 7.681778e-01 -2.296101e-01
      vertex -3.753303e-01 9.061274e-01 -1.170542e-01
      vertex -5.448951e-01 8.154932e-01 -1.170542e-01
    endloop
  endfacet
  facet normal 5.667043e-01 -6.905312e-01 4.494585e-01
    outer loop
      vertex -5.132800e-01 7.681778e-01 -2.296101e-01
      vertex -5.448951e-01 8.154932e-01 -1.170542e-01
      vertex -6.532815e-01 6.532815e-01 -2.296101e-01
    endloop
  endfacet
  facet normal 5.667043e-01 -6.905312e-01 4.494585e-01
    outer loop
      vertex -6.532815e-01 6.532815e-01 -2.296101e-01
      vertex -5.448951e-01 8.154932e-01 -1.170542e-01
      vertex -6.935199e-01 6.935199e-01 -1.170542e-01
    endloop
  endfacet
  facet normal 6.905312e-01 -5.667043e-01 4.494585e-01
    outer loop
      vertex -6.532815e-01 6.532815e-01 -2.296101e-01
      vertex -6.935199e-01 6.935199e-01 -1.170542e-01
      vertex -7.681778e-01 5.132800e-01 -2.296101e-01
    endloop
  endfacet
  facet normal 6.905312e-01 -5.667043e-01 4.494585e-01
    outer loop
      vertex -7.681778e-01 5.132800e-01 -2.296101e-01
      vertex -6.935199e-01 6.935199e-01 -1.170542e-01
      vertex -8.154932e-01 5.448951e-01 -1.170542e-01
    endloop
  endfacet
  facet normal 7.878213e-01 -4.210993e-01 4.494585e-01
    outer loop
      vertex -7.681778e-01 5.132800e-01 -2.296101e-01
      vertex -8.154932e-01 5.448951e-01 -1.170542e-01
      vertex -8.535534e-01 3.535534e-01 -2.296101e-01
    endloop
  endfacet
  facet normal 7.878213e-01 -4.210993e-01 4.494585e-01
    outer loop
      vertex -8.535534e-01 3.535534e-01 -2.296101e-01
      vertex -8.154932e-01 5.448951e-01 -1.170542e-01
      vertex -9.061274e-01 3.753303e-01 -1.170542e-01
    endloop
  endfacet
  facet normal 8.548360e-01 -2.593117e-01 4.494585e-01
    outer loop
      vertex -8.535534e-01 3.535534e-01 -2.296101e-01
      vertex -9.061274e-01 3.753303e-01 -1.170542e-01
      vertex -9.061274e-01 1.802400e-01 -2.296101e-01
    endloop
  endfacet
  facet normal 8.548360e-01 -2.593117e-01 4.494585e-01
    outer loop
      vertex -9.061274e-01 1.802400e-01 -2.296101e-01
      vertex -9.061274e-01 3.753303e-01 -1.170542e-01
      vertex -9.619398e-01 1.913417e-01 -1.170542e-01
    endloop
  endfacet
  facet normal 8.889997e-01 -8.755883e-02 4.494585e-01
    outer loop
      vertex -9.061274e-01 1.802400e-01 -2.296101e-01
      vertex -9.619398e-01 1.913417e-01 -1.170542e-01
      vertex -9.238795e-01 1.131426e-16 -2.296101e-01
    endloop
  endfacet
  facet normal 8.889997e-01 -8.755883e-02 4.494585e-01
    outer loop
      vertex -9.238795e-01 1.131426e-16 -2.296101e-01
      vertex -9.619398e-01 1.913417e-01 -1.170542e-01
      vertex -9.807853e-01 1.201116e-16 -1.170542e-01
    endloop
  endfacet
  facet normal 8.889997e-01 8.755883e-02 4.494585e-01
    outer loop
      vertex -9.238795e-01 1.131426e-16 -2.296101e-01
      vertex -9.807853e-01 1.201116e-16 -1.170542e-01
      vertex -9.061274e-01 -1.802400e-01 -2.296101e-01
    endloop
  endfacet
  facet normal 8.889997e-01 8.755883e-02 4.494585e-01
    outer loop
      vertex -9.061274e-01 -1.802400e-01 -2.296101e-01
      vertex -9.807853e-01 1.201116e-16 -1.170542e-01
      vertex -9.619398e-01 -1.913417e-01 -1.170542e-01
    endloop
  endfacet
  facet normal 8.548360e-01 2.593117e-01 4.494585e-01
    outer loop
      vertex -9.061274e-01 -1.802400e-01 -2.296101e-01
      vertex -9.619398e-01 -1.913417e-01 -1.170542e-01
      vertex -8.535534e-01 -3.535534e-01 -2.296101e-01
    endloop
  endfacet
  facet normal 8.548360e-01 2.593117e-01 4.494585e-01
    outer loop
      vertex -8.535534e-01 -3.535534e-01 -2.296101e-01
      vertex -9.619398e-01 -1.913417e-01 -1.170542e-01
      vertex -9.061274e-01 -3.753303e-01 -1.170542e-01
    endloop
  endfacet
  facet normal 7.878213e-01 4.210993e-01 4.494585e-01
    outer loop
      vertex -8.535534e-01 -3.535534e-01 -2.296101e-01
      vertex -9.061274e-01 -3.753303e-01 -1.170542e-01
      vertex -7.681778e-01 -5.132800e-01 -2.296101e-01
    endloop
  endfacet
  facet normal 7.878213e-01 4.210993e-01 4.494585e-01
    outer loop
      vertex -7.681778e-01 -5.132800e-01 -2.296101e-01
      vertex -9.061274e-01 -3.753303e-01 -1.170542e-01
      vertex -8.154932e-01 -5.448951e-01 -1.170542e-01
    endloop
  endfacet
  facet normal 6.905312e-01 5.667043e-01 4.494585e-01
    outer loop
      vertex -7.681778e-01 -5.132800e-01 -2.296101e-01
      vertex -8.154932e-01 -5.448951e-01 -1.170542e-01
      vertex -6.532815e-01 -6.532815e-01 -2.296101e-01
    endloop
  endfacet
  facet normal 6.905312e-01 5.667043e-01 4.494585e-01
    outer loop
      vertex -6.532815e-01 -6.532815e-01 -2.296101e-01
      vertex -8.154932e-01 -5.448951e-01 -1.170542e-01
      vertex -6.935199e-01 -6.935199e-01 -1.170542e-01
    endloop
  endfacet
  facet normal 5.667043e-01 6.905312e-01 4.494585e-01
    outer loop
      vertex -6.532815e-01 -6.532815e-01 -2.296101e-01
      vertex -6.935199e-01 -6.935199e-01 -1.170542e-01
      vertex -5.132800e-01 -7.681778e-01 -2.296101e-01
    endloop
  endfacet
  facet normal 5.667043e-01 6.905312e-01 4.494585e-01
    outer loop
      vertex -5.132800e-01 -7.681778e-01 -2.296101e-01
      vertex -6.935199e-01 -6.935199e-01 -1.170542e-01
      vertex -5.448951e-01 -8.154932e-01 -1.170542e-01
    endloop
  endfacet
  facet normal 4.210993e-01 7.878213e-01 4.494585e-01
    outer loop
      vertex -5.132800e-01 -7.681778e-01 -2.296101e-01
      vertex -5.448951e-01 -8.154932e-01 -1.170542e-01
      vertex -3.535534e-01 -8.535534e-01 -2.296101e-01
    endloop
  endfacet
  facet normal 4.210993e-01 7.878213e-01 4.494585e-01
    outer loop
      vertex -3.535534e-01 -8.535534e-01 -2.296101e-01
      vertex -5.448951e-01 -8.154932e-01 -1.170542e-01
      vertex -3.753303e-01 -9.061274e-01 -1.170542e-01
    endloop
  endfacet
  facet normal 2.593117e-01 8.548360e-01 4.494585e-01
    outer loop
      vertex -3.535534e-01 -8.535534e-01 -2.296101e-01
      vertex -3.753303e-01 -9.061274e-01 -1.170542e-01
      vertex -1.802400e-01 -9.061274e-01 -2.296101e-01
    endloop
  endfacet
  facet normal 2.593117e-01 8.548360e-01 4.494585e-01
    outer loop
      vertex -1.802400e-01 -9.061274e-01 -2.296101e-01
      vertex -3.753303e-01 -9.061274e-01 -1.170542e-01
      vertex -1.913417e-01 -9.619398e-01 -1.170542e-01
    endloop
  endfacet
  facet normal 8.755883e-02 8.889997e-01 4.494585e-01
    outer loop
      vertex -1.802400e-01 -9.061274e-01 -2.296101e-01
      vertex -1.913417e-01 -9.619398e-01 -1.170542e-01
      vertex -1.697139e-16 -9.238795e-01 -2.296101e-01
    endloop
  endfacet
  facet normal 8.755883e-02 8.889997e-01 4.494585e-01
    outer loop
      vertex -1.697139e-16 -9.238795e-01 -2.296101e-01
      vertex -1.913417e-01 -9.619398e-01 -1.170542e-01
      vertex -1.801673e-16 -9.807853e-01 -1.170542e-01
    endloop
  endfacet
  facet normal -8.755883e-02 8.889997e-01 4.494585e-01
    outer loop
      vertex -1.697139e-16 -9.238795e-01 -2.296101e-01
      vertex -1.801673e-16 -9.807853e-01 -1.170542e-01
      vertex 1.802400e-01 -9.061274e-01 -2.296101e-01
    endloop
  endfacet
  facet normal -8.755883e-02 8.889997e-01 4.494585e-01
    outer loop
      vertex 1.802400e-01 -9.061274e-01 -2.296101e-01
      vertex -1.801673e-16 -9.807853e-01 -1.170542e-01
      vertex 1.913417e-01 -9.619398e-01 -1.170542e-01
    endloop
  endfacet
  facet normal -2.593117e-01 8.548360e-01 4.494585e-01
    outer loop
      vertex 1.802400e-01 -9.061274e-01 -2.296101e-01
      vertex 1.913417e-01 -9.619398e-01 -1.170542e-01
      vertex 3.535534e-01 -8.535534e-01 -2.296101e-01
    endloop
  endfacet
  facet normal -2.593117e-01 8.548360e-01 4.494585e-01
    outer loop
      vertex 3.535534e-01 -8.535534e-01 -2.296101e-01
      vertex 1.913417e-01 -9.619398e-01 -1.170542e-01
      vertex 3.753303e-01 -9.061274e-01 -1.170542e-01
    endloop
  endfacet
  facet normal -4.210993e-01 7.878213e-01 4.494585e-01
    outer loop
      vertex 3.535534e-01 -8.535534e-01 -2.296101e-01
      vertex 3.753303e-01 -9.061274e-01 -1.170542e-01
      vertex 5.132800e-01 -7.681778e-01 -2.296101e-01
    endloop
  endfacet
  facet normal -4.210993e-01 7.878213e-01 4.494585e-01
    outer loop
      vertex 5.132800e-01 -7.681778e-01 -2.296101e-01
      vertex 3.753303e-01 -9.061274e-01 -1.170542e-01
      vertex 5.448951e-01 -8.154932e-01 -1.170542e-01
    endloop
  endfacet
  facet normal -5.667043e-01 6.905312e-01 4.494585e-01
    outer loop
      vertex 5.132800e-01 -7.681778e-01 -2.296101e-01
      vertex 5.448951e-01 -8.154932e-01 -1.170542e-01
      vertex 6.532815e-01 -6.532815e-01 -2.296101e-01
    endloop
  endfacet
  facet normal -5.667043e-01 6.905312e-01 4.494585e-01
    outer loop
      vertex 6.532815e-01 -6.532815e-01 -2.296101e-01
      vertex 5.448951e-01 -8.154932e-01 -1.170542e-01
      vertex 6.935199e-01 -6.935199e-01 -1.170542e-01
    endloop
  endfacet
  facet normal -6.905312e-01 5.667043e-01 4.494585e-01
    outer loop
      vertex 6.532815e-01 -6.532815e-01 -2.296101e-01
      vertex 6.935199e-01 -6.935199e-01 -1.170542e-01
      vertex 7.681778e-01 -5.132800e-01 -2.296101e-01
    endloop
  endfacet
  facet normal -6.905312e-01 5.667043e-01 4.494585e-01
    outer loop
      vertex 7.681778e-01 -5.132800e-01 -2.296101e-01
      vertex 6.935199e-01 -6.935199e-01 -1.170542e-01
      vertex 8.154932e-01 -5.448951e-01 -1.170542e-01
    endloop
  endfacet
  facet normal -7.878213e-01 4.210993e-01 4.494585e-01
    outer loop
      vertex 7.681778e-01 -5.132800e-01 -2.296101e-01
      vertex 8.154932e-01 -5.448951e-01 -1.170542e-01
      vertex 8.535534e-01 -3.535534e-01 -2.296101e-01
    endloop
  endfacet
  facet normal -7.878213e-01 4.210993e-01 4.494585e-01
    outer loop
      vertex 8.535534e-01 -3.535534e-01 -2.296101e-01
      vertex 8.154932e-01 -5.448951e-01 -1.170542e-01
      vertex 9.061274e-01 -3.753303e-01 -1.170542e-01
    endloop
  endfacet
  facet normal -8.548360e-01 2.593117e-01 4.494585e-01
    outer loop
      vertex 8.535534e-01 -3.535534e-01 -2.296101e-01
      vertex 9.061274e-01 -3.753303e-01 -1.170542e-01
      vertex 9.061274e-01 -1.802400e-01 -2.296101e-01
    endloop
  endfacet
  facet normal -8.548360e-01 2.593117e-01 4.494585e-01
    outer loop
      vertex 9.061274e-01 -1.802400e-01 -2.296101e-01
      vertex 9.061274e-01 -3.753303e-01 -1.170542e-01
      vertex 9.619398e-01 -1.913417e-01 -1.170542e-01
    endloop
  endfacet
  facet normal -8.889997e-01 8.755883e-02 4.494585e-01
    outer loop
      vertex 9.061274e-01 -1.802400e-01 -2.296101e-01
      vertex 9.619398e-01 -1.913417e-01 -1.170542e-01
      vertex 9.238795e-01 0.000000e+00 -2.296101e-01
    endloop
  endfacet
  facet normal -8.889997e-01 8.755883e-02 4.494585e-01
    outer loop
      vertex 9.238795e-01 0.000000e+00 -2.296101e-01
      vertex 9.619398e-01 -1.913417e-01 -1.170542e-01
      vertex 9.807853e-01 0.000000e+00 -1.170542e-01
    endloop
  endfacet
  facet normal -9.821654e-01 -9.673485e-02 1.612248e-01
    outer loop
      vertex 9.807853e-01 0.000000e+00 -1.170542e-01
      vertex 1.000000e+00 0.000000e+00 -3.673940e-17
      vertex 9.619398e-01 1.913417e-01 -1.170542e-01
    endloop
  endfacet
  facet normal -9.821654e-01 -9.673485e-02 1.612248e-01
    outer loop
      vertex 9.619398e-01 1.913417e-01 -1.170542e-01
      vertex 1.000000e+00 0.000000e+00 -3.673940e-17
      vertex 9.807853e-01 1.950903e-01 -3.673940e-17
    endloop
  endfacet
  facet normal -9.444214e-01 -2.864871e-01 1.612248e-01
    outer loop
      vertex 9.619398e-01 1.913417e-01 -1.170542e-01
      vertex 9.807853e-01 1.950903e-01 -3.673940e-17
      vertex 9.061274e-01 3.753303e-01 -1.170542e-01
    endloop
  endfacet
  facet normal -9.444214e-01 -2.864871e-01 1.612248e-01
    outer loop
      vertex 9.061274e-01 3.753303e-01 -1.170542e-01
      vertex 9.807853e-01 1.950903e-01 -3.673940e-17
      vertex 9.238795e-01 3.826834e-01 -3.673940e-17
    endloop
  endfacet
  facet normal -8.703837e-01 -4.652298e-01 1.612248e-01
    outer loop
      vertex 9.061274e-01 3.753303e-01 -1.170542e-01
      vertex 9.238795e-01 3.826834e-01 -3.673940e-17
      vertex 8.154932e-01 5.448951e-01 -1.170542e-01
    endloop
  endfacet
  facet normal -8.703837e-01 -4.652298e-01 1.612248e-01
    outer loop
      vertex 8.154932e-01 5.448951e-01 -1.170542e-01
      vertex 9.238795e-01 3.826834e-01 -3.673940e-17
      vertex 8.314696e-01 5.555702e-01 -3.673940e-17
    endloop
  endfacet
  facet normal -7.628977e-01 -6.260940e-01 1.612248e-01
    outer loop
      vertex 8.154932e-01 5.448951e-01 -1.170542e-01
      vertex 8.314696e-01 5.555702e-01 -3.673940e-17
      vertex 6.935199e-01 6.935199e-01 -1.170542e-01
    endloop
  endfacet
  facet normal -7.628977e-01 -6.260940e-01 1.612248e-01
    outer loop
      vertex 6.935199e-01 6.935199e-01 -1.170542e-01
      vertex 8.314696e-01 5.555702e-01 -3.673940e-17
      vertex 7.071068e-01 7.071068e-01 -3.673940e-17
    endloop
  endfacet
  facet normal -6.260940e-01 -7.628977e-01 1.612248e-01
    outer loop
      vertex 6.935199e-01 6.935199e-01 -1.170542e-01
      vertex 7.071068e-01 7.071068e-01 -3.673940e-17
      vertex 5.448951e-01 8.154932e-01 -1.170542e-01
    endloop
  endfacet
  facet normal -6.260940e-01 -7.628977e-01 1.612248e-01
    outer loop
      vertex 5.448951e-01 8.154932e-01 -1.170542e-01
      vertex 7.071068e-01 7.071068e-01 -3.673940e-17
      vertex 5.555702e-01 8.314696e-01 -3.673940e-17
    endloop
  endfacet
  facet normal -4.652298e-01 -8.703837e-01 1.612248e-01
    outer loop
      vertex 5.448951e-01 8.154932e-01 -1.170542e-01
      vertex 5.555702e-01 8.314696e-01 -3.673940e-17
      vertex 3.753303e-01 9.061274e-01 -1.170542e-01
    endloop
  endfacet
  facet normal -4.652298e-01 -8.703837e-01 1.612248e-01
    outer loop
      vertex 3.753303e-01 9.061274e-01 -1.170542e-01
      vertex 5.555702e-01 8.314696e-01 -3.673940e-17
      vertex 3.826834e-01 9.238795e-01 -3.673940e-17
    endloop
  endfacet
  facet normal -2.864871e-01 -9.444214e-01 1.612248e-01
    outer loop
      vertex 3.753303e-01 9.061274e-01 -1.170542e-01
      vertex 3.826834e-01 9.238795e-01 -3.673940e-17
      vertex 1.913417e-01 9.619398e-01 -1.170542e-01
    endloop
  endfacet
  facet normal -2.864871e-01 -9.444214e-01 1.612248e-01
    outer loop
      vertex 1.913417e-01 9.619398e-01 -1.170542e-01
      vertex 3.826834e-01 9.238795e-01 -3.673940e-17
      vertex 1.950903e-01 9.807853e-01 -3.673940e-17
    endloop
  endfacet
  facet normal -9.673485e-02 -9.821654e-01 1.612248e-01
    outer loop
      vertex 1.913417e-01 9.619398e-01 -1.170542e-01
      vertex 1.950903e-01 9.807853e-01 -3.673940e-17
      vertex 6.005578e-17 9.807853e-01 -1.170542e-01
    endloop
  endfacet
  facet normal -9.673485e-02 -9.821654e-01 1.612248e-01
    outer loop
      vertex 6.005578e-17 9.807853e-01 -1.170542e-01
      vertex 1.950903e-01 9.807853e-01 -3.673940e-17
      vertex 6.123234e-17 1.000000e+00 -3.673940e-17
    endloop
  endfacet
  facet normal 9.673485e-02 -9.821654e-01 1.612248e-01
    outer loop
      vertex 6.005578e-17 9.807853e-01 -1.170542e-01
      vertex 6.123234e-17 1.000000e+00 -3.673940e-17
      vertex -1.913417e-01 9.619398e-01 -1.170542e-01
    endloop
  endfacet
  facet normal 9.673485e-02 -9.821654e-01 1.612248e-01
    outer loop
      vertex -1.913417e-01 9.619398e-01 -1.170542e-01
      vertex 6.123234e-17 1.000000e+00 -3.673940e-17
      vertex -1.950903e-01 9.807853e-01 -3.673940e-17
    endloop
  endfacet
  facet normal 2.864871e-01 -9.444214e-01 1.612248e-01
    outer loop
      vertex -1.913417e-01 9.619398e-01 -1.170542e-01
      vertex -1.950903e-01 9.807853e-01 -3.673940e-17
      vertex -3.753303e-01 9.061274e-01 -1.170542e-01
    endloop
  endfacet
  facet normal 2.864871e-01 -9.444214e-01 1.612248e-01
    outer loop
      vertex -3.753303e-01 9.061274e-01 -1.170542e-01
      vertex -1.950903e-01 9.807853e-01 -3.673940e-17
      vertex -3.826834e-01 9.238795e-01 -3.673940e-17
    endloop
  endfacet
  facet normal 4.652298e-01 -8.703837e-01 1.612248e-01
    outer loop
      vertex -3.753303e-01 9.061274e-01 -1.170542e-01
      vertex -3.826834e-01 9.238795e-01 -3.673940e-17
      vertex -5.448951e-01 8.154932e-01 -1.170542e-01
    endloop
  endfacet
  facet normal 4.652298e-01 -8.703837e-01 1.612248e-01
    outer loop
      vertex -5.448951e-01 8.154932e-01 -1.170542e-01
      vertex -3.826834e-01 9.238795e-01 -3.673940e-17
      vertex -5.555702e-01 8.314696e-01 -3.673940e-17
    endloop
  endfacet
  facet normal 6.260940e-01 -7.628977e-01 1.612248e-01
    outer loop
      vertex -5.448951e-01 8.154932e-01 -1.170542e-01
      vertex -5.555702e-01 8.314696e-01 -3.673940e-17
      vertex -6.935199e-01 6.935199e-01 -1.170542e-01
    endloop
  endfacet
  facet normal 6.260940e-01 -7.628977e-01 1.612248e-01
    outer loop
      vertex -6.935199e-01 6.935199e-01 -1.170542e-01
      vertex -5.555702e-01 8.314696e-01 -3.673940e-17
      vertex -7.071068e-01 7.071068e-01 -3.673940e-17
    endloop
  endfacet
  facet normal 7.628977e-01 -6.260940e-01 1.612248e-01
    outer loop
      vertex -6.935199e-01 6.935199e-01 -1.170542e-01
      vertex -7.071068e-01 7.071068e-01 -3.673940e-17
      vertex -8.154932e-01 5.448951e-01 -1.170542e-01
    endloop
  endfacet
  facet normal 7.628977e-01 -6.260940e-01 1.612248e-01
    outer loop
      vertex -8.154932e-01 5.448951e-01 -1.170542e-01
      vertex -7.071068e-01 7.071068e-01 -3.673940e-17
      vertex -8.314696e-01 5.555702e-01 -3.673940e-17
    endloop
  endfacet
  facet normal 8.703837e-01 -4.652298e-01 1.612248e-01
    outer loop
      vertex -8.154932e-01 5.448951e-01 -1.170542e-01
      vertex -8.314696e-01 5.555702e-01 -3.673940e-17
      vertex -9.061274e-01 3.753303e-01 -1.170542e-01
    endloop
  endfacet
  facet normal 8.703837e-01 -4.652298e-01 1.612248e-01
    outer loop
      vertex -9.061274e-01 3.753303e-01 -1.170542e-01
      vertex -8.314696e-01 5.555702e-01 -3.673940e-17
      vertex -9.238795e-01 3.826834e-01 -3.673940e-17
    endloop
  endfacet
  facet normal 9.444214e-01 -2.864871e-01 1.612248e-01
    outer loop
      vertex -9.061274e-01 3.753303e-01 -1.170542e-01
      vertex -9.238795e-01 3.826834e-01 -3.673940e-17
      vertex -9.619398e-01 1.913417e-01 -1.170542e-01
    endloop
  endfacet
  facet normal 9.444214e-01 -2.864871e-01 1.612248e-01
    outer loop
      vertex -9.619398e-01 1.913417e-01 -1.170542e-01
      vertex -9.238795e-01 3.826834e-01 -3.673940e-17
      vertex -9.807853e-01 1.950903e-01 -3.673940e-17
    endloop
  endfacet
  facet normal 9.821654e-01 -9.673485e-02 1.612248e-01
    outer loop
      vertex -9.619398e-01 1.913417e-01 -1.170542e-01
      vertex -9.807853e-01 1.950903e-01 -3.673940e-17
      vertex -9.807853e-01 1.201116e-16 -1.170542e-01
    endloop
  endfacet
  facet normal 9.821654e-01 -9.673485e-02 1.612248e-01
    outer loop
      vertex -9.807853e-01 1.201116e-16 -1.170542e-01
      vertex -9.807853e-01 1.950903e-01 -3.673940e-17
      vertex -1.000000e+00 1.224647e-16 -3.673940e-17
    endloop
  endfacet
  facet normal 9.821654e-01 9.673485e-02 1.612248e-01
    outer loop
      vertex -9.807853e-01 1.201116e-16 -1.170542e-01
      vertex -1.000000e+00 1.224647e-16 -3.673940e-17
      vertex -9.619398e-01 -1.913417e-01 -1.170542e-01
    endloop
  endfacet
  facet normal 9.821654e-01 9.673485e-02 1.612248e-01
    outer loop
      vertex -9.619398e-01 -1.913417e-01 -1.170542e-01
      vertex -1.000000e+00 1.224647e-16 -3.673940e-17
      vertex -9.807853e-01 -1.950903e-01 -3.673940e-17
    endloop
  endfacet
  facet normal 9.444214e-01 2.864871e-01 1.612248e-01
    outer loop
      vertex -9.619398e-01 -1.913417e-01 -1.170542e-01
      vertex -9.807853e-01 -1.950903e-01 -3.673940e-17
      vertex -9.061274e-01 -3.753303e-01 -1.170542e-01
    endloop
  endfacet
  facet normal 9.444214e-01 2.864871e-01 1.612248e-01
    outer loop
      vertex -9.061274e-01 -3.753303e-01 -1.170542e-01
      vertex -9.807853e-01 -1.950903e-01 -3.673940e-17
      vertex -9.238795e-01 -3.826834e-01 -3.673940e-17
    endloop
  endfacet
  facet normal 8.703837e-01 4.652298e-01 1.612248e-01
    outer loop
      vertex -9.061274e-01 -3.753303e-01 -1.170542e-01
      vertex -9.238795e-01 -3.826834e-01 -3.673940e-17
      vertex -8.154932e-01 -5.448951e-01 -1.170542e-01
    endloop
  endfacet
  facet normal 8.703837e-01 4.652298e-01 1.612248e-01
    outer loop
      vertex -8.154932e-01 -5.448951e-01 -1.170542e-01
      vertex -9.238795e-01 -3.826834e-01 -3.673940e-17
      vertex -8.314696e-01 -5.555702e-01 -3.673940e-17
    endloop
  endfacet
  facet normal 7.628977e-01 6.260940e-01 1.612248e-01
    outer loop
      vertex -8.154932e-01 -5.448951e-01 -1.170542e-01
      vertex -8.314696e-01 -5.555702e-01 -3.673940e-17
      vertex -6.935199e-01 -6.935199e-01 -1.170542e-01
    endloop
  endfacet
  facet normal 7.628977e-01 6.260940e-01 1.612248e-01
    outer loop
      vertex -6.935199e-01 -6.935199e-01 -1.170542e-01
      vertex -8.314696e-01 -5.555702e-01 -3.673940e-17
      vertex -7.071068e-01 -7.071068e-01 -3.673940e-17
    endloop
  endfacet
  facet normal 6.260940e-01 7.628977e-01 1.612248e-01
    outer loop
      vertex -6.935199e-01 -6.935199e-01 -1.170542e-01
      vertex -7.071068e-01 -7.071068e-01 -3.673940e-17
      vertex -5.448951e-01 -8.154932e-01 -1.170542e-01
    endloop
  endfacet
  facet normal 6.260940e-01 7.628977e-01 1.612248e-01
    outer loop
      vertex -5.448951e-01 -8.154932e-01 -1.170542e-01
      vertex -7.071068e-01 -7.071068e-01 -3.673940e-17
      vertex -5.555702e-01 -8.314696e-01 -3.673940e-17
    endloop
  endfacet
  facet normal 4.652298e-01 8.703837e-01 1.612248e-01
    outer loop
      vertex -5.448951e-01 -8.154932e-01 -1.170542e-01
      vertex -5.555702e-01 -8.314696e-01 -3.673940e-17
      vertex -3.753303e-01 -9.061274e-01 -1.170542e-01
    endloop
  endfacet
  facet normal 4.652298e-01 8.703837e-01 1.612248e-01
    outer loop
      vertex -3.753303e-01 -9.061274e-01 -1.170542e-01
      vertex -5.555702e-01 -8.314696e-01 -3.673940e-17
      vertex -3.826834e-01 -9.238795e-01 -3.673940e-17
    endloop
  endfacet
  facet normal 2.864871e-01 9.444214e-01 1.612248e-01
    outer loop
      vertex -3.753303e-01 -9.061274e-01 -1.170542e-01
      vertex -3.826834e-01 -9.238795e-01 -3.673940e-17
      vertex -1.913417e-01 -9.619398e-01 -1.170542e-01
    endloop
  endfacet
  facet normal 2.864871e-01 9.444214e-01 1.612248e-01
    outer loop
      vertex -1.913417e-01 -9.619398e-01 -1.170542e-01
      vertex -3.826834e-01 -9.238795e-01 -3.673940e-17
      vertex -1.950903e-01 -9.807853e-01 -3.673940e-17
    endloop
  endfacet
  facet normal 9.673485e-02 9.821654e-01 1.612248e-01
    outer loop
      vertex -1.913417e-01 -9.619398e-01 -1.170542e-01
      vertex -1.950903e-01 -9.807853e-01 -3.673940e-17
      vertex -1.801673e-16 -9.807853e-01 -1.170542e-01
    endloop
  endfacet
  facet normal 9.673485e-02 9.821654e-01 1.612248e-01
    outer loop
      vertex -1.801673e-16 -9.807853e-01 -1.170542e-01
      vertex -1.950903e-01 -9.807853e-01 -3.673940e-17
      vertex -1.836970e-16 -1.000000e+00 -3.673940e-17
    endloop
  endfacet
  facet normal -9.673485e-02 9.821654e-01 1.612248e-01
    outer loop
      vertex -1.801673e-16 -9.807853e-01 -1.170542e-01
      vertex -1.836970e-16 -1.000000e+00 -3.673940e-17
      vertex 1.913417e-01 -9.619398e-01 -1.170542e-01
    endloop
  endfacet
  facet normal -9.673485e-02 9.821654e-01 1.612248e-01
    outer loop
      vertex 1.913417e-01 -9.619398e-01 -1.170542e-01
      vertex -1.836970e-16 -1.000000e+00 -3.673940e-17
      vertex 1.950903e-01 -9.807853e-01 -3.673940e-17
    endloop
  endfacet
  facet normal -2.864871e-01 9.444214e-01 1.612248e-01
    outer loop
      vertex 1.913417e-01 -9.619398e-01 -1.170542e-01
      vertex 1.950903e-01 -9.807853e-01 -3.673940e-17
      vertex 3.753303e-01 -9.061274e-01 -1.170542e-01
    endloop
  endfacet
  facet normal -2.864871e-01 9.444214e-01 1.612248e-01
    outer loop
      vertex 3.753303e-01 -9.061274e-01 -1.170542e-01
      vertex 1.950903e-01 -9.807853e-01 -3.673940e-17
      vertex 3.826834e-01 -9.238795e-01 -3.673940e-17
    endloop
  endfacet
  facet normal -4.652298e-01 8.703837e-01 1.612248e-01
    outer loop
      vertex 3.753303e-01 -9.061274e-01 -1.170542e-01
      vertex 3.826834e-01 -9.238795e-01 -3.673940e-17
      vertex 5.448951e-01 -8.154932e-01 -1.170542e-01
    endloop
  endfacet
  facet normal -4.652298e-01 8.703837e-01 1.612248e-01
    outer loop
      vertex 5.448951e-01 -8.154932e-01 -1.170542e-01
      vertex 3.826834e-01 -9.238795e-01 -3.673940e-17
      vertex 5.555702e-01 -8.314696e-01 -3.673940e-17
    endloop
  endfacet
  facet normal -6.260940e-01 7.628977e-01 1.612248e-01
    outer loop
      vertex 5.448951e-01 -8.154932e-01 -1.170542e-01
      vertex 5.555702e-01 -8.314696e-01 -3.673940e-17
      vertex 6.935199e-01 -6.935199e-01 -1.170542e-01
    endloop
  endfacet
  facet normal -6.260940e-01 7.628977e-01 1.612248e-01
    outer loop
      vertex 6.935199e-01 -6.935199e-01 -1.170542e-01
      vertex 5.555702e-01 -8.314696e-01 -3.673940e-17
      vertex 7.071068e-01 -7.071068e-01 -3.673940e-17
    endloop
  endfacet
  facet normal -7.628977e-01 6.260940e-01 1.612248e-01
    outer loop
      vertex 6.935199e-01 -6.935199e-01 -1.170542e-01
      vertex 7.071068e-01 -7.071068e-01 -3.673940e-17
      vertex 8.154932e-01 -5.448951e-01 -1.170542e-01
    endloop
  endfacet
  facet normal -7.628977e-01 6.260940e-01 1.612248e-01
    outer loop
      vertex 8.154932e-01 -5.448951e-01 -1.170542e-01
      vertex 7.071068e-01 -7.071068e-01 -3.673940e-17
      vertex 8.314696e-01 -5.555702e-01 -3.673940e-17
    endloop
  endfacet
  facet normal -8.703837e-01 4.652298e-01 1.612248e-01
    outer loop
      vertex 8.154932e-01 -5.448951e-01 -1.170542e-01
      vertex 8.314696e-01 -5.555702e-01 -3.673940e-17
      vertex 9.061274e-01 -3.753303e-01 -1.170542e-01
    endloop
  endfacet
  facet normal -8.703837e-01 4.652298e-01 1.612248e-01
    outer loop
      vertex 9.061274e-01 -3.753303e-01 -1.170542e-01
      vertex 8.314696e-01 -5.555702e-01 -3.673940e-17
      vertex 9.238795e-01 -3.826834e-01 -3.673940e-17
    endloop
  endfacet
  facet normal -9.444214e-01 2.864871e-01 1.612248e-01
    outer loop
      vertex 9.061274e-01 -3.753303e-01 -1.170542e-01
      vertex 9.238795e-01 -3.826834e-01 -3.673940e-17
      vertex 9.619398e-01 -1.913417e-01 -1.170542e-01
    endloop
  endfacet
  facet normal -9.444214e-01 2.864871e-01 1.612248e-01
    outer loop
      vertex 9.619398e-01 -1.913417e-01 -1.170542e-01
      vertex 9.238795e-01 -3.826834e-01 -3.673940e-17
      vertex 9.807853e-01 -1.950903e-01 -3.673940e-17
    endloop
  endfacet
  facet normal -9.821654e-01 9.673485e-02 1.612248e-01
    outer loop
      vertex 9.619398e-01 -1.913417e-01 -1.170542e-01
      vertex 9.807853e-01 -1.950903e-01 -3.673940e-17
      vertex 9.807853e-01 0.000000e+00 -1.170542e-01
    endloop
  endfacet
  facet normal -9.821654e-01 9.673485e-02 1.612248e-01
    outer loop
      vertex 9.807853e-01 0.000000e+00 -1.170542e-01
      vertex 9.807853e-01 -1.950903e-01 -3.673940e-17
      vertex 1.000000e+00 0.000000e+00 -3.673940e-17
    endloop
  endfacet
  facet normal -9.951847e-01 -9.801714e-02 0.000000e+00
    outer loop
      vertex 1.000000e+00 0.000000e+00 -3.673940e-17
      vertex 1.000000e+00 0.000000e+00 0.000000e+00
      vertex 9.807853e-01 1.950903e-01 -3.673940e-17
    endloop
  endfacet
  facet normal -9.951847e-01 -9.801714e-02 0.000000e+00
    outer loop
      vertex 9.807853e-01 1.950903e-01 -3.673940e-17
      vertex 1.000000e+00 0.000000e+00 0.000000e+00
      vertex 9.807853e-01 1.950903e-01 0.000000e+00
    endloop
  endfacet
  facet normal -9.569403e-01 -2.902847e-01 0.000000e+00
    outer loop
      vertex 9.807853e-01 1.950903e-01 -3.673940e-17
      vertex 9.807853e-01 1.950903e-01 0.000000e+00
      vertex 9.238795e-01 3.826834e-01 -3.673940e-17
    endloop
  endfacet
  facet normal -9.569403e-01 -2.902847e-01 0.000000e+00
    outer loop
      vertex 9.238795e-01 3.826834e-01 -3.673940e-17
      vertex 9.807853e-01 1.950903e-01 0.000000e+00
      vertex 9.238795e-01 3.826834e-01 0.000000e+00
    endloop
  endfacet
  facet normal -8.819213e-01 -4.713967e-01 0.000000e+00
    outer loop
      vertex 9.238795e-01 3.826834e-01 -3.673940e-17
      vertex 9.238795e-01 3.826834e-01 0.000000e+00
      vertex 8.314696e-01 5.555702e-01 -3.673940e-17
    endloop
  endfacet
  facet normal -8.819213e-01 -4.713967e-01 0.000000e+00
    outer loop
      vertex 8.314696e-01 5.555702e-01 -3.673940e-17
      vertex 9.238795e-01 3.826834e-01 0.000000e+00
      vertex 8.314696e-01 5.555702e-01 0.000000e+00
    endloop
  endfacet
  facet normal -7.730105e-01 -6.343933e-01 0.000000e+00
    outer loop
      vertex 8.314696e-01 5.555702e-01 -3.673940e-17
      vertex 8.314696e-01 5.555702e-01 0.000000e+00
      vertex 7.071068e-01 7.071068e-01 -3.673940e-17
    endloop
  endfacet
  facet normal -7.730105e-01 -6.343933e-01 0.000000e+00
    outer loop
      vertex 7.071068e-01 7.071068e-01 -3.673940e-17
      vertex 8.314696e-01 5.555702e-01 0.000000e+00
      vertex 7.071068e-01 7.071068e-01 0.000000e+00
    endloop
  endfacet
  facet normal -6.343933e-01 -7.730105e-01 0.000000e+00
    outer loop
      vertex 7.071068e-01 7.071068e-01 -3.673940e-17
      vertex 7.071068e-01 7.071068e-01 0.000000e+00
      vertex 5.555702e-01 8.314696e-01 -3.673940e-17
    endloop
  endfacet
  facet normal -6.343933e-01 -7.730105e-01 0.000000e+00
    outer loop
      vertex 5.555702e-01 8.314696e-01 -3.673940e-17
      vertex 7.071068e-01 7.071068e-01 0.000000e+00
      vertex 5.555702e-01 8.314696e-01 0.000000e+00
    endloop
  endfacet
  facet normal -4.713967e-01 -8.819213e-01 0.000000e+00
    outer loop
      vertex 5.555702e-01 8.314696e-01 -3.673940e-17
      vertex 5.555702e-01 8.314696e-01 0.000000e+00
      vertex 3.826834e-01 9.238795e-01 -3.673940e-17
    endloop
  endfacet
  facet normal -4.713967e-01 -8.819213e-01 0.000000e+00
    outer loop
      vertex 3.826834e-01 9.238795e-01 -3.673940e-17
      vertex 5.555702e-01 8.314696e-01 0.000000e+00
      vertex 3.826834e-01 9.238795e-01 0.000000e+00
    endloop
  endfacet
  facet normal -2.902847e-01 -9.569403e-01 0.000000e+00
    outer loop
      vertex 3.826834e-01 9.238795e-01 -3.673940e-17
      vertex 3.826834e-01 9.238795e-01 0.000000e+00
      vertex 1.950903e-01 9.807853e-01 -3.673940e-17
    endloop
  endfacet
  facet normal -2.902847e-01 -9.569403e-01 0.000000e+00
    outer loop
      vertex 1.950903e-01 9.807853e-01 -3.673940e-17
      vertex 3.826834e-01 9.238795e-01 0.000000e+00
      vertex 1.950903e-01 9.807853e-01 0.000000e+00
    endloop
  endfacet
  facet normal -9.801714e-02 -9.951847e-01 0.000000e+00
    outer loop
      vertex 1.950903e-01 9.807853e-01 -3.673940e-17
      vertex 1.950903e-01 9.807853e-01 0.000000e+00
      vertex 6.123234e-17 1.000000e+00 -3.673940e-17
    endloop
  endfacet
  facet normal -9.801714e-02 -9.951847e-01 0.000000e+00
    outer loop
      vertex 6.123234e-17 1.000000e+00 -3.673940e-17
      vertex 1.950903e-01 9.807853e-01 0.000000e+00
      vertex 6.123234e-17 1.000000e+00 0.000000e+00
    endloop
  endfacet
  facet normal 9.801714e-02 -9.951847e-01 0.000000e+00
    outer loop
      vertex 6.123234e-17 1.000000e+00 -3.673940e-17
      vertex 6.123234e-17 1.000000e+00 0.000000e+00
      vertex -1.950903e-01 9.807853e-01 -3.673940e-17
    endloop
  endfacet
  facet normal 9.801714e-02 -9.951847e-01 0.000000e+00
    outer loop
      vertex -1.950903e-01 9.807853e-01 -3.673940e-17
      vertex 6.123234e-17 1.000000e+00 0.000000e+00
      vertex -1.950903e-01 9.807853e-01 0.000000e+00
    endloop
  endfacet
  facet normal 2.902847e-01 -9.569403e-01 0.000000e+00
    outer loop
      vertex -1.950903e-01 9.807853e-01 -3.673940e-17
      vertex -1.950903e-01 9.807853e-01 0.000000e+00
      vertex -3.826834e-01 9.238795e-01 -3.673940e-17
    endloop
  endfacet
  facet normal 2.902847e-01 -9.569403e-01 0.000000e+00
    outer loop
      vertex -3.826834e-01 9.238795e-01 -3.673940e-17
      vertex -1.950903e-01 9.807853e-01 0.000000e+00
      vertex -3.826834e-01 9.238795e-01 0.000000e+00
    endloop
  endfacet
  facet normal 4.713967e-01 -8.819213e-01 0.000000e+00
    outer loop
      vertex -3.826834e-01 9.238795e-01 -3.673940e-17
      vertex -3.826834e-01 9.238795e-01 0.000000e+00
      vertex -5.555702e-01 8.314696e-01 -3.673940e-17
    endloop
  endfacet
  facet normal 4.713967e-01 -8.819213e-01 0.000000e+00
    outer loop
      vertex -5.555702e-01 8.314696e-01 -3.673940e-17
      vertex -3.826834e-01 9.238795e-01 0.000000e+00
      vertex -5.555702e-01 8.314696e-01 0.000000e+00
    endloop
  endfacet
  facet normal 6.343933e-01 -7.730105e-01 0.000000e+00
    outer loop
      vertex -5.555702e-01 8.314696e-01 -3.673940e-17
      vertex -5.555702e-01 8.314696e-01 0.000000e+00
      vertex -7.071068e-01 7.071068e-01 -3.673940e-17
    endloop
  endfacet
  facet normal 6.343933e-01 -7.730105e-01 0.000000e+00
    outer loop
      vertex -7.071068e-01 7.071068e-01 -3.673940e-17
      vertex -5.555702e-01 8.314696e-01 0.000000e+00
      vertex -7.071068e-01 7.071068e-01 0.000000e+00
    endloop
  endfacet
  facet normal 7.730105e-01 -6.343933e-01 0.000000e+00
    outer loop
      vertex -7.071068e-01 7.071068e-01 -3.673940e-17
      vertex -7.071068e-01 7.071068e-01 0.000000e+00
      vertex -8.314696e-01 5.555702e-01 -3.673940e-17
    endloop
  endfacet
  facet normal 7.730105e-01 -6.343933e-01 0.000000e+00
    outer loop
      vertex -8.314696e-01 5.555702e-01 -3.673940e-17
      vertex -7.071068e-01 7.071068e-01 0.000000e+00
      vertex -8.314696e-01 5.555702e-01 0.000000e+00
    endloop
  endfacet
  facet normal 8.819213e-01 -4.713967e-01 0.000000e+00
    outer loop
      vertex -8.314696e-01 5.555702e-01 -3.673940e-17
      vertex -8.314696e-01 5.555702e-01 0.000000e+00
      vertex -9.238795e-01 3.826834e-01 -3.673940e-17
    endloop
  endfacet
  facet normal 8.819213e-01 -4.713967e-01 0.000000e+00
    outer loop
      vertex -9.238795e-01 3.826834e-01 -3.673940e-17
      vertex -8.314696e-01 5.555702e-01 0.000000e+00
      vertex -9.238795e-01 3.826834e-01 0.000000e+00
    endloop
  endfacet
  facet normal 9.569403e-01 -2.902847e-01 0.000000e+00
    outer loop
      vertex -9.238795e-01 3.826834e-01 -3.673940e-17
      vertex -9.238795e-01 3.826834e-01 0.000000e+00
      vertex -9.807853e-01 1.950903e-01 -3.673940e-17
    endloop
  endfacet
  facet normal 9.569403e-01 -2.902847e-01 0.000000e+00
    outer loop
      vertex -9.807853e-01 1.950903e-01 -3.673940e-17
      vertex -9.238795e-01 3.826834e-01 0.000000e+00
      vertex -9.807853e-01 1.950903e-01 0.000000e+00
    endloop
  endfacet
  facet normal 9.951847e-01 -9.801714e-02 0.000000e+00
    outer loop
      vertex -9.807853e-01 1.950903e-01 -3.673940e-17
      vertex -9.807853e-01 1.950903e-01 0.000000e+00
      vertex -1.000000e+00 1.224647e-16 -3.673940e-17
    endloop
  endfacet
  facet normal 9.951847e-01 -9.801714e-02 0.000000e+00
    outer loop
      vertex -1.000000e+00 1.224647e-16 -3.673940e-17
      vertex -9.807853e-01 1.950903e-01 0.000000e+00
      vertex -1.000000e+00 1.224647e-16 0.000000e+00
    endloop
  endfacet
  facet normal 9.951847e-01 9.801714e-02 -0.000000e+00
    outer loop
      vertex -1.000000e+00 1.224647e-16 -3.673940e-17
      vertex -1.000000e+00 1.224647e-16 0.000000e+00
      vertex -9.807853e-01 -1.950903e-01 -3.673940e-17
    endloop
  endfacet
  facet normal 9.951847e-01 9.801714e-02 -0.000000e+00
    outer loop
      vertex -9.807853e-01 -1.950903e-01 -3.673940e-17
      vertex -1.000000e+00 1.224647e-16 0.000000e+00
      vertex -9.807853e-01 -1.950903e-01 0.000000e+00
    endloop
  endfacet
  facet normal 9.569403e-01 2.902847e-01 -0.000000e+00
    outer loop
      vertex -9.807853e-01 -1.950903e-01 -3.673940e-17
      vertex -9.807853e-01 -1.950903e-01 0.000000e+00
      vertex -9.238795e-01 -3.826834e-01 -3.673940e-17
    endloop
  endfacet
  facet normal 9.569403e-01 2.902847e-01 -0.000000e+00
    outer loop
      vertex -9.238795e-01 -3.826834e-01 -3.673940e-17
      vertex -9.807853e-01 -1.950903e-01 0.000000e+00
      vertex -9.238795e-01 -3.826834e-01 0.000000e+00
    endloop
  endfacet
  facet normal 8.819213e-01 4.713967e-01 -0.000000e+00
    outer loop
      vertex -9.238795e-01 -3.826834e-01 -3.673940e-17
      vertex -9.238795e-01 -3.826834e-01 0.000000e+00
      vertex -8.314696e-01 -5.555702e-01 -3.673940e-17
    endloop
  endfacet
  facet normal 8.819213e-01 4.713967e-01 -0.000000e+00
    outer loop
      vertex -8.314696e-01 -5.555702e-01 -3.673940e-17
      vertex -9.238795e-01 -3.826834e-01 0.000000e+00
      vertex -8.314696e-01 -5.555702e-01 0.000000e+00
    endloop
  endfacet
  facet normal 7.730105e-01 6.343933e-01 -0.000000e+00
    outer loop
      vertex -8.314696e-01 -5.555702e-01 -3.673940e-17
      vertex -8.314696e-01 -5.555702e-01 0.000000e+00
      vertex -7.071068e-01 -7.071068e-01 -3.673940e-17
    endloop
  endfacet
  facet normal 7.730105e-01 6.343933e-01 -0.000000e+00
    outer loop
      vertex -7.071068e-01 -7.071068e-01 -3.673940e-17
      vertex -8.314696e-01 -5.555702e-01 0.000000e+00
      vertex -7.071068e-01 -7.071068e-01 0.000000e+00
    endloop
  endfacet
  facet normal 6.343933e-01 7.730105e-01 -0.000000e+00
    outer loop
      vertex -7.071068e-01 -7.071068e-01 -3.673940e-17
      vertex -7.071068e-01 -7.071068e-01 0.000000e+00
      vertex -5.555702e-01 -8.314696e-01 -3.673940e-17
    endloop
  endfacet
  facet normal 6.343933e-01 7.730105e-01 -0.000000e+00
    outer loop
      vertex -5.555702e-01 -8.314696e-01 -3.673940e-17
      vertex -7.071068e-01 -7.071068e-01 0.000000e+00
      vertex -5.555702e-01 -8.314696e-01 0.000000e+00
    endloop
  endfacet
  facet normal 4.713967e-01 8.819213e-01 -0.000000e+00
    outer loop
      vertex -5.555702e-01 -8.314696e-01 -3.673940e-17
      vertex -5.555702e-01 -8.314696e-01 0.000000e+00
      vertex -3.826834e-01 -9.238795e-01 -3.673940e-17
    endloop
  endfacet
  facet normal 4.713967e-01 8.819213e-01 -0.000000e+00
    outer loop
      vertex -3.826834e-01 -9.238795e-01 -3.673940e-17
      vertex -5.555702e-01 -8.314696e-01 0.000000e+00
      vertex -3.826834e-01 -9.238795e-01 0.000000e+00
    endloop
  endfacet
  facet normal 2.902847e-01 9.569403e-01 -0.000000e+00
    outer loop
      vertex -3.826834e-01 -9.238795e-01 -3.673940e-17
      vertex -3.826834e-01 -9.238795e-01 0.000000e+00
      vertex -1.950903e-01 -9.807853e-01 -3.673940e-17
    endloop
  endfacet
  facet normal 2.902847e-01 9.569403e-01 -0.000000e+00
    outer loop
      vertex -1.950903e-01 -9.807853e-01 -3.673940e-17
      vertex -3.826834e-01 -9.238795e-01 0.000000e+00
      vertex -1.950903e-01 -9.807853e-01 0.000000e+00
    endloop
  endfacet
  facet normal 9.801714e-02 9.951847e-01 -0.000000e+00
    outer loop
      vertex -1.950903e-01 -9.807853e-01 -3.673940e-17
      vertex -1.950903e-01 -9.807853e-01 0.000000e+00
      vertex -1.836970e-16 -1.000000e+00 -3.673940e-17
    endloop
  endfacet
  facet normal 9.801714e-02 9.951847e-01 -0.000000e+00
    outer loop
      vertex -1.836970e-16 -1.000000e+00 -3.673940e-17
      vertex -1.950903e-01 -9.807853e-01 0.000000e+00
      vertex -1.836970e-16 -1.000000e+00 0.000000e+00
    endloop
  endfacet
  facet normal -9.801714e-02 9.951847e-01 0.000000e+00
    outer loop
      vertex -1.836970e-16 -1.000000e+00 -3.673940e-17
      vertex -1.836970e-16 -1.000000e+00 0.000000e+00
      vertex 1.950903e-01 -9.807853e-01 -3.673940e-17
    endloop
  endfacet
  facet normal -9.801714e-02 9.951847e-01 0.000000e+00
    outer loop
      vertex 1.950903e-01 -9.807853e-01 -3.673940e-17
      vertex -1.836970e-16 -1.000000e+00 0.000000e+00
      vertex 1.950903e-01 -9.807853e-01 0.000000e+00
    endloop
  endfacet
  facet normal -2.902847e-01 9.569403e-01 0.000000e+00
    outer loop
      vertex 1.950903e-01 -9.807853e-01 -3.673940e-17
      vertex 1.950903e-01 -9.807853e-01 0.000000e+00
      vertex 3.826834e-01 -9.238795e-01 -3.673940e-17
    endloop
  endfacet
  facet normal -2.902847e-01 9.569403e-01 0.000000e+00
    outer loop
      vertex 3.826834e-01 -9.238795e-01 -3.673940e-17
      vertex 1.950903e-01 -9.807853e-01 0.000000e+00
      vertex 3.826834e-01 -9.238795e-01 0.000000e+00
    endloop
  endfacet
  facet normal -4.713967e-01 8.819213e-01 0.000000e+00
    outer loop
      vertex 3.826834e-01 -9.238795e-01 -3.673940e-17
      vertex 3.826834e-01 -9.238795e-01 0.000000e+00
      vertex 5.555702e-01 -8.314696e-01 -3.673940e-17
    endloop
  endfacet
  facet normal -4.713967e-01 8.819213e-01 0.000000e+00
    outer loop
      vertex 5.555702e-01 -8.314696e-01 -3.673940e-17
      vertex 3.826834e-01 -9.238795e-01 0.000000e+00
      vertex 5.555702e-01 -8.314696e-01 0.000000e+00
    endloop
  endfacet
  facet normal -6.343933e-01 7.730105e-01 0.000000e+00
    outer loop
      vertex 5.555702e-01 -8.314696e-01 -3.673940e-17
      vertex 5.555702e-01 -8.314696e-01 0.000000e+00
      vertex 7.071068e-01 -7.071068e-01 -3.673940e-17
    endloop
  endfacet
  facet normal -6.343933e-01 7.730105e-01 0.000000e+00
    outer loop
      vertex 7.071068e-01 -7.071068e-01 -3.673940e-17
      vertex 5.555702e-01 -8.314696e-01 0.000000e+00
      vertex 7.071068e-01 -7.071068e-01 0.000000e+00
    endloop
  endfacet
  facet normal -7.730105e-01 6.343933e-01 0.000000e+00
    outer loop
      vertex 7.071068e-01 -7.071068e-01 -3.673940e-17
      vertex 7.071068e-01 -7.071068e-01 0.000000e+00
      vertex 8.314696e-01 -5.555702e-01 -3.673940e-17
    endloop
  endfacet
  facet normal -7.730105e-01 6.343933e-01 0.000000e+00
    outer loop
      vertex 8.314696e-01 -5.555702e-01 -3.673940e-17
      vertex 7.071068e-01 -7.071068e-01 0.000000e+00
      vertex 8.314696e-01 -5.555702e-01 0.000000e+00
    endloop
  endfacet
  facet normal -8.819213e-01 4.713967e-01 0.000000e+00
    outer loop
      vertex 8.314696e-01 -5.555702e-01 -3.673940e-17
      vertex 8.314696e-01 -5.555702e-01 0.000000e+00
      vertex 9.238795e-01 -3.826834e-01 -3.673940e-17
    endloop
  endfacet
  facet normal -8.819213e-01 4.713967e-01 0.000000e+00
    outer loop
      vertex 9.238795e-01 -3.826834e-01 -3.673940e-17
      vertex 8.314696e-01 -5.555702e-01 0.000000e+00
      vertex 9.238795e-01 -3.826834e-01 0.000000e+00
    endloop
  endfacet
  facet normal -9.569403e-01 2.902847e-01 0.000000e+00
    outer loop
      vertex 9.238795e-01 -3.826834e-01 -3.673940e-17
      vertex 9.238795e-01 -3.826834e-01 0.000000e+00
      vertex 9.807853e-01 -1.950903e-01 -3.673940e-17
    endloop
  endfacet
  facet normal -9.569403e-01 2.902847e-01 0.000000e+00
    outer loop
      vertex 9.807853e-01 -1.950903e-01 -3.673940e-17
      vertex 9.238795e-01 -3.826834e-01 0.000000e+00
      vertex 9.807853e-01 -1.950903e-01 0.000000e+00
    endloop
  endfacet
  facet normal -9.951847e-01 9.801714e-02 0.000000e+00
    outer loop
      vertex 9.807853e-01 -1.950903e-01 -3.673940e-17
      vertex 9.807853e-01 -1.950903e-01 0.000000e+00
      vertex 1.000000e+00 0.000000e+00 -3.673940e-17
    endloop
  endfacet
  facet normal -9.951847e-01 9.801714e-02 0.000000e+00
    outer loop
      vertex 1.000000e+00 0.000000e+00 -3.673940e-17
      vertex 9.807853e-01 -1.950903e-01 0.000000e+00
      vertex 1.000000e+00 0.000000e+00 0.000000e+00
    endloop
  endfacet
  facet normal -7.869775e-01 -7.751052e-02 -6.120936e-01
    outer loop
      vertex 1.000000e+00 0.000000e+00 0.000000e+00
      vertex 8.833333e-01 0.000000e+00 1.500000e-01
      vertex 9.807853e-01 1.950903e-01 0.000000e+00
    endloop
  endfacet
  facet normal -7.869775e-01 -7.751052e-02 -6.120936e-01
    outer loop
      vertex 9.807853e-01 1.950903e-01 0.000000e+00
      vertex 8.833333e-01 0.000000e+00 1.500000e-01
      vertex 8.663603e-01 1.723298e-01 1.500000e-01
    endloop
  endfacet
  facet normal -7.567344e-01 -2.295529e-01 -6.120936e-01
    outer loop
      vertex 9.807853e-01 1.950903e-01 0.000000e+00
      vertex 8.663603e-01 1.723298e-01 1.500000e-01
      vertex 9.238795e-01 3.826834e-01 0.000000e+00
    endloop
  endfacet
  facet normal -7.567344e-01 -2.295529e-01 -6.120936e-01
    outer loop
      vertex 9.238795e-01 3.826834e-01 0.000000e+00
      vertex 8.663603e-01 1.723298e-01 1.500000e-01
      vertex 8.160936e-01 3.380370e-01 1.500000e-01
    endloop
  endfacet
  facet normal -6.974104e-01 -3.727736e-01 -6.120936e-01
    outer loop
      vertex 9.238795e-01 3.826834e-01 0.000000e+00
      vertex 8.160936e-01 3.380370e-01 1.500000e-01
      vertex 8.314696e-01 5.555702e-01 0.000000e+00
    endloop
  endfacet
  facet normal -6.974104e-01 -3.727736e-01 -6.120936e-01
    outer loop
      vertex 8.314696e-01 5.555702e-01 0.000000e+00
      vertex 8.160936e-01 3.380370e-01 1.500000e-01
      vertex 7.344648e-01 4.907537e-01 1.500000e-01
    endloop
  endfacet
  facet normal -6.112853e-01 -5.016689e-01 -6.120936e-01
    outer loop
      vertex 8.314696e-01 5.555702e-01 0.000000e+00
      vertex 7.344648e-01 4.907537e-01 1.500000e-01
      vertex 7.071068e-01 7.071068e-01 0.000000e+00
    endloop
  endfacet
  facet normal -6.112853e-01 -5.016689e-01 -6.120936e-01
    outer loop
      vertex 7.071068e-01 7.071068e-01 0.000000e+00
      vertex 7.344648e-01 4.907537e-01 1.500000e-01
      vertex 6.246110e-01 6.246110e-01 1.500000e-01
    endloop
  endfacet
  facet normal -5.016689e-01 -6.112853e-01 -6.120936e-01
    outer loop
      vertex 7.071068e-01 7.071068e-01 0.000000e+00
      vertex 6.246110e-01 6.246110e-01 1.500000e-01
      vertex 5.555702e-01 8.314696e-01 0.000000e+00
    endloop
  endfacet
  facet normal -5.016689e-01 -6.112853e-01 -6.120936e-01
    outer loop
      vertex 5.555702e-01 8.314696e-01 0.000000e+00
      vertex 6.246110e-01 6.246110e-01 1.500000e-01
      vertex 4.907537e-01 7.344648e-01 1.500000e-01
    endloop
  endfacet
  facet normal -3.727736e-01 -6.974104e-01 -6.120936e-01
    outer loop
      vertex 5.555702e-01 8.314696e-01 0.000000e+00
      vertex 4.907537e-01 7.344648e-01 1.500000e-01
      vertex 3.826834e-01 9.238795e-01 0.000000e+00
    endloop
  endfacet
  facet normal -3.727736e-01 -6.974104e-01 -6.120936e-01
    outer loop
      vertex 3.826834e-01 9.238795e-01 0.000000e+00
      vertex 4.907537e-01 7.344648e-01 1.500000e-01
      vertex 3.380370e-01 8.160936e-01 1.500000e-01
    endloop
  endfacet
  facet normal -2.295529e-01 -7.567344e-01 -6.120936e-01
    outer loop
      vertex 3.826834e-01 9.238795e-01 0.000000e+00
      vertex 3.380370e-01 8.160936e-01 1.500000e-01
      vertex 1.950903e-01 9.807853e-01 0.000000e+00
    endloop
  endfacet
  facet normal -2.295529e-01 -7.567344e-01 -6.120936e-01
    outer loop
      vertex 1.950903e-01 9.807853e-01 0.000000e+00
      vertex 3.380370e-01 8.160936e-01 1.500000e-01
      vertex 1.723298e-01 8.663603e-01 1.500000e-01
    endloop
  endfacet
  facet normal -7.751052e-02 -7.869775e-01 -6.120936e-01
    outer loop
      vertex 1.950903e-01 9.807853e-01 0.000000e+00
      vertex 1.723298e-01 8.663603e-01 1.500000e-01
      vertex 6.123234e-17 1.000000e+00 0.000000e+00
    endloop
  endfacet
  facet normal -7.751052e-02 -7.869775e-01 -6.120936e-01
    outer loop
      vertex 6.123234e-17 1.000000e+00 0.000000e+00
      vertex 1.723298e-01 8.663603e-01 1.500000e-01
      vertex 5.408857e-17 8.833333e-01 1.500000e-01
    endloop
  endfacet
  facet normal 7.751052e-02 -7.869775e-01 -6.120936e-01
    outer loop
      vertex 6.123234e-17 1.000000e+00 0.000000e+00
      vertex 5.408857e-17 8.833333e-01 1.500000e-01
      vertex -1.950903e-01 9.807853e-01 0.000000e+00
    endloop
  endfacet
  facet normal 7.751052e-02 -7.869775e-01 -6.120936e-01
    outer loop
      vertex -1.950903e-01 9.807853e-01 0.000000e+00
      vertex 5.408857e-17 8.833333e-01 1.500000e-01
      vertex -1.723298e-01 8.663603e-01 1.500000e-01
    endloop
  endfacet
  facet normal 2.295529e-01 -7.567344e-01 -6.120936e-01
    outer loop
      vertex -1.950903e-01 9.807853e-01 0.000000e+00
      vertex -1.723298e-01 8.663603e-01 1.500000e-01
      vertex -3.826834e-01 9.238795e-01 0.000000e+00
    endloop
  endfacet
  facet normal 2.295529e-01 -7.567344e-01 -6.120936e-01
    outer loop
      vertex -3.826834e-01 9.238795e-01 0.000000e+00
      vertex -1.723298e-01 8.663603e-01 1.500000e-01
      vertex -3.380370e-01 8.160936e-01 1.500000e-01
    endloop
  endfacet
  facet normal 3.727736e-01 -6.974104e-01 -6.120936e-01
    outer loop
      vertex -3.826834e-01 9.238795e-01 0.000000e+00
      vertex -3.380370e-01 8.160936e-01 1.500000e-01
      vertex -5.555702e-01 8.314696e-01 0.000000e+00
    endloop
  endfacet
  facet normal 3.727736e-01 -6.974104e-01 -6.120936e-01
    outer loop
      vertex -5.555702e-01 8.314696e-01 0.000000e+00
      vertex -3.380370e-01 8.160936e-01 1.500000e-01
      vertex -4.907537e-01 7.344648e-01 1.500000e-01
    endloop
  endfacet
  facet normal 5.016689e-01 -6.112853e-01 -6.120936e-01
    outer loop
      vertex -5.555702e-01 8.314696e-01 0.000000e+00
      vertex -4.907537e-01 7.344648e-01 1.500000e-01
      vertex -7.071068e-01 7.071068e-01 0.000000e+00
    endloop
  endfacet
  facet normal 5.016689e-01 -6.112853e-01 -6.120936e-01
    outer loop
      vertex -7.071068e-01 7.071068e-01 0.000000e+00
      vertex -4.907537e-01 7.344648e-01 1.500000e-01
      vertex -6.246110e-01 6.246110e-01 1.500000e-01
    endloop
  endfacet
  facet normal 6.112853e-01 -5.016689e-01 -6.120936e-01
    outer loop
      vertex -7.071068e-01 7.071068e-01 0.000000e+00
      vertex -6.246110e-01 6.246110e-01 1.500000e-01
      vertex -8.314696e-01 5.555702e-01 0.000000e+00
    endloop
  endfacet
  facet normal 6.112853e-01 -5.016689e-01 -6.120936e-01
    outer loop
      vertex -8.314696e-01 5.555702e-01 0.000000e+00
      vertex -6.246110e-01 6.246110e-01 1.500000e-01
      vertex -7.344648e-01 4.907537e-01 1.500000e-01
    endloop
  endfacet
  facet normal 6.974104e-01 -3.727736e-01 -6.120936e-01
    outer loop
      vertex -8.314696e-01 5.555702e-01 0.000000e+00
      vertex -7.344648e-01 4.907537e-01 1.500000e-01
      vertex -9.238795e-01 3.826834e-01 0.000000e+00
    endloop
  endfacet
  facet normal 6.974104e-01 -3.727736e-01 -6.120936e-01
    outer loop
      vertex -9.238795e-01 3.826834e-01 0.000000e+00
      vertex -7.344648e-01 4.907537e-01 1.500000e-01
      vertex -8.160936e-01 3.380370e-01 1.500000e-01
    endloop
  endfacet
  facet normal 7.567344e-01 -2.295529e-01 -6.120936e-01
    outer loop
      vertex -9.238795e-01 3.826834e-01 0.000000e+00
      vertex -8.160936e-01 3.380370e-01 1.500000e-01
      vertex -9.807853e-01 1.950903e-01 0.000000e+00
    endloop
  endfacet
  facet normal 7.567344e-01 -2.295529e-01 -6.120936e-01
    outer loop
      vertex -9.807853e-01 1.950903e-01 0.000000e+00
      vertex -8.160936e-01 3.380370e-01 1.500000e-01
      vertex -8.663603e-01 1.723298e-01 1.500000e-01
    endloop
  endfacet
  facet normal 7.869775e-01 -7.751052e-02 -6.120936e-01
    outer loop
      vertex -9.807853e-01 1.950903e-01 0.000000e+00
      vertex -8.663603e-01 1.723298e-01 1.500000e-01
      vertex -1.000000e+00 1.224647e-16 0.000000e+00
    endloop
  endfacet
  facet normal 7.869775e-01 -7.751052e-02 -6.120936e-01
    outer loop
      vertex -1.000000e+00 1.224647e-16 0.000000e+00
      vertex -8.663603e-01 1.723298e-01 1.500000e-01
      vertex -8.833333e-01 1.081771e-16 1.500000e-01
    endloop
  endfacet
  facet normal 7.869775e-01 7.751052e-02 -6.120936e-01
    outer loop
      vertex -1.000000e+00 1.224647e-16 0.000000e+00
      vertex -8.833333e-01 1.081771e-16 1.500000e-01
      vertex -9.807853e-01 -1.950903e-01 0.000000e+00
    endloop
  endfacet
  facet normal 7.869775e-01 7.751052e-02 -6.120936e-01
    outer loop
      vertex -9.807853e-01 -1.950903e-01 0.000000e+00
      vertex -8.833333e-01 1.081771e-16 1.500000e-01
      vertex -8.663603e-01 -1.723298e-01 1.500000e-01
    endloop
  endfacet
  facet normal 7.567344e-01 2.295529e-01 -6.120936e-01
    outer loop
      vertex -9.807853e-01 -1.950903e-01 0.000000e+00
      vertex -8.663603e-01 -1.723298e-01 1.500000e-01
      vertex -9.238795e-01 -3.826834e-01 0.000000e+00
    endloop
  endfacet
  facet normal 7.567344e-01 2.295529e-01 -6.120936e-01
    outer loop
      vertex -9.238795e-01 -3.826834e-01 0.000000e+00
      vertex -8.663603e-01 -1.723298e-01 1.500000e-01
      vertex -8.160936e-01 -3.380370e-01 1.500000e-01
    endloop
  endfacet
  facet normal 6.974104e-01 3.727736e-01 -6.120936e-01
    outer loop
      vertex -9.238795e-01 -3.826834e-01 0.000000e+00
      vertex -8.160936e-01 -3.380370e-01 1.500000e-01
      vertex -8.314696e-01 -5.555702e-01 0.000000e+00
    endloop
  endfacet
  facet normal 6.974104e-01 3.727736e-01 -6.120936e-01
    outer loop
      vertex -8.314696e-01 -5.555702e-01 0.000000e+00
      vertex -8.160936e-01 -3.380370e-01 1.500000e-01
      vertex -7.344648e-01 -4.907537e-01 1.500000e-01
    endloop
  endfacet
  facet normal 6.112853e-01 5.016689e-01 -6.120936e-01
    outer loop
      vertex -8.314696e-01 -5.555702e-01 0.000000e+00
      vertex -7.344648e-01 -4.907537e-01 1.500000e-01
      vertex -7.071068e-01 -7.071068e-01 0.000000e+00
    endloop
  endfacet
  facet normal 6.112853e-01 5.016689e-01 -6.120936e-01
    outer loop
      vertex -7.071068e-01 -7.071068e-01 0.000000e+00
      vertex -7.344648e-01 -4.907537e-01 1.500000e-01
      vertex -6.246110e-01 -6.246110e-01 1.500000e-01
    endloop
  endfacet
  facet normal 5.016689e-01 6.112853e-01 -6.120936e-01
    outer loop
      vertex -7.071068e-01 -7.071068e-01 0.000000e+00
      vertex -6.246110e-01 -6.246110e-01 1.500000e-01
      vertex -5.555702e-01 -8.314696e-01 0.000000e+00
    endloop
  endfacet
  facet normal 5.016689e-01 6.112853e-01 -6.120936e-01
    outer loop
      vertex -5.555702e-01 -8.314696e-01 0.000000e+00
      vertex -6.246110e-01 -6.246110e-01 1.500000e-01
      vertex -4.907537e-01 -7.344648e-01 1.500000e-01
    endloop
  endfacet
  facet normal 3.727736e-01 6.974104e-01 -6.120936e-01
    outer loop
      vertex -5.555702e-01 -8.314696e-01 0.000000e+00
      vertex -4.907537e-01 -7.344648e-01 1.500000e-01
      vertex -3.826834e-01 -9.238795e-01 0.000000e+00
    endloop
  endfacet
  facet normal 3.727736e-01 6.974104e-01 -6.120936e-01
    outer loop
      vertex -3.826834e-01 -9.238795e-01 0.000000e+00
      vertex -4.907537e-01 -7.344648e-01 1.500000e-01
      vertex -3.380370e-01 -8.160936e-01 1.500000e-01
    endloop
  endfacet
  facet normal 2.295529e-01 7.567344e-01 -6.120936e-01
    outer loop
      vertex -3.826834e-01 -9.238795e-01 0.000000e+00
      vertex -3.380370e-01 -8.160936e-01 1.500000e-01
      vertex -1.950903e-01 -9.807853e-01 0.000000e+00
    endloop
  endfacet
  facet normal 2.295529e-01 7.567344e-01 -6.120936e-01
    outer loop
      vertex -1.950903e-01 -9.807853e-01 0.000000e+00
      vertex -3.380370e-01 -8.160936e-01 1.500000e-01
      vertex -1.723298e-01 -8.663603e-01 1.500000e-01
    endloop
  endfacet
  facet normal 7.751052e-02 7.869775e-01 -6.120936e-01
    outer loop
      vertex -1.950903e-01 -9.807853e-01 0.000000e+00
      vertex -1.723298e-01 -8.663603e-01 1.500000e-01
      vertex -1.836970e-16 -1.000000e+00 0.000000e+00
    endloop
  endfacet
  facet normal 7.751052e-02 7.869775e-01 -6.120936e-01
    outer loop
      vertex -1.836970e-16 -1.000000e+00 0.000000e+00
      vertex -1.723298e-01 -8.663603e-01 1.500000e-01
      vertex -1.622657e-16 -8.833333e-01 1.500000e-01
    endloop
  endfacet
  facet normal -7.751052e-02 7.869775e-01 -6.120936e-01
    outer loop
      vertex -1.836970e-16 -1.000000e+00 0.000000e+00
      vertex -1.622657e-16 -8.833333e-01 1.500000e-01
      vertex 1.950903e-01 -9.807853e-01 0.000000e+00
    endloop
  endfacet
  facet normal -7.751052e-02 7.869775e-01 -6.120936e-01
    outer loop
      vertex 1.950903e-01 -9.807853e-01 0.000000e+00
      vertex -1.622657e-16 -8.833333e-01 1.500000e-01
      vertex 1.723298e-01 -8.663603e-01 1.500000e-01
    endloop
  endfacet
  facet normal -2.295529e-01 7.567344e-01 -6.120936e-01
    outer loop
      vertex 1.950903e-01 -9.807853e-01 0.000000e+00
      vertex 1.723298e-01 -8.663603e-01 1.500000e-01
      vertex 3.826834e-01 -9.238795e-01 0.000000e+00
    endloop
  endfacet
  facet normal -2.295529e-01 7.567344e-01 -6.120936e-01
    outer loop
      vertex 3.826834e-01 -9.238795e-01 0.000000e+00
      vertex 1.723298e-01 -8.663603e-01 1.500000e-01
      vertex 3.380370e-01 -8.160936e-01 1.500000e-01
    endloop
  endfacet
  facet normal -3.727736e-01 6.974104e-01 -6.120936e-01
    outer loop
      vertex 3.826834e-01 -9.238795e-01 0.000000e+00
      vertex 3.380370e-01 -8.160936e-01 1.500000e-01
      vertex 5.555702e-01 -8.314696e-01 0.000000e+00
    endloop
  endfacet
  facet normal -3.727736e-01 6.974104e-01 -6.120936e-01
    outer loop
      vertex 5.555702e-01 -8.314696e-01 0.000000e+00
      vertex 3.380370e-01 -8.160936e-01 1.500000e-01
      vertex 4.907537e-01 -7.344648e-01 1.500000e-01
    endloop
  endfacet
  facet normal -5.016689e-01 6.112853e-01 -6.120936e-01
    outer loop
      vertex 5.555702e-01 -8.314696e-01 0.000000e+00
      vertex 4.907537e-01 -7.344648e-01 1.500000e-01
      vertex 7.071068e-01 -7.071068e-01 0.000000e+00
    endloop
  endfacet
  facet normal -5.016689e-01 6.112853e-01 -6.120936e-01
    outer loop
      vertex 7.071068e-01 -7.071068e-01 0.000000e+00
      vertex 4.907537e-01 -7.344648e-01 1.500000e-01
      vertex 6.246110e-01 -6.246110e-01 1.500000e-01
    endloop
  endfacet
  facet normal -6.112853e-01 5.016689e-01 -6.120936e-01
    outer loop
      vertex 7.071068e-01 -7.071068e-01 0.000000e+00
      vertex 6.246110e-01 -6.246110e-01 1.500000e-01
      vertex 8.314696e-01 -5.555702e-01 0.000000e+00
    endloop
  endfacet
  facet normal -6.112853e-01 5.016689e-01 -6.120936e-01
    outer loop
      vertex 8.314696e-01 -5.555702e-01 0.000000e+00
      vertex 6.246110e-01 -6.246110e-01 1.500000e-01
      vertex 7.344648e-01 -4.907537e-01 1.500000e-01
    endloop
  endfacet
  facet normal -6.974104e-01 3.727736e-01 -6.120936e-01
    outer loop
      vertex 8.314696e-01 -5.555702e-01 0.000000e+00
      vertex 7.344648e-01 -4.907537e-01 1.500000e-01
      vertex 9.238795e-01 -3.826834e-01 0.000000e+00
    endloop
  endfacet
  facet normal -6.974104e-01 3.727736e-01 -6.120936e-01
    outer loop
      vertex 9.238795e-01 -3.826834e-01 0.000000e+00
      vertex 7.344648e-01 -4.907537e-01 1.500000e-01
      vertex 8.160936e-01 -3.380370e-01 1.500000e-01
    endloop
  endfacet
  facet normal -7.567344e-01 2.295529e-01 -6.120936e-01
    outer loop
      vertex 9.238795e-01 -3.826834e-01 0.000000e+00
      vertex 8.160936e-01 -3.380370e-01 1.500000e-01
      vertex 9.807853e-01 -1.950903e-01 0.000000e+00
    endloop
  endfacet
  facet normal -7.567344e-01 2.295529e-01 -6.120936e-01
    outer loop
      vertex 9.807853e-01 -1.950903e-01 0.000000e+00
      vertex 8.160936e-01 -3.380370e-01 1.500000e-01
      vertex 8.663603e-01 -1.723298e-01 1.500000e-01
    endloop
  endfacet
  facet normal -7.869775e-01 7.751052e-02 -6.120936e-01
    outer loop
      vertex 9.807853e-01 -1.950903e-01 0.000000e+00
      vertex 8.663603e-01 -1.723298e-01 1.500000e-01
      vertex 1.000000e+00 0.000000e+00 0.000000e+00
    endloop
  endfacet
  facet normal -7.869775e-01 7.751052e-02 -6.120936e-01
    outer loop
      vertex 1.000000e+00 0.000000e+00 0.000000e+00
      vertex 8.663603e-01 -1.723298e-01 1.500000e-01
      vertex 8.833333e-01 0.000000e+00 1.500000e-01
    endloop
  endfacet
  facet normal -7.869775e-01 -7.751052e-02 -6.120936e-01
    outer loop
      vertex 8.833333e-01 0.000000e+00 1.500000e-01
      vertex 7.666667e-01 0.000000e+00 3.000000e-01
      vertex 8.663603e-01 1.723298e-01 1.500000e-01
    endloop
  endfacet
  facet normal -7.869775e-01 -7.751052e-02 -6.120936e-01
    outer loop
      vertex 8.663603e-01 1.723298e-01 1.500000e-01
      vertex 7.666667e-01 0.000000e+00 3.000000e-01
      vertex 7.519354e-01 1.495692e-01 3.000000e-01
    endloop
  endfacet
  facet normal -7.567344e-01 -2.295529e-01 -6.120936e-01
    outer loop
      vertex 8.663603e-01 1.723298e-01 1.500000e-01
      vertex 7.519354e-01 1.495692e-01 3.000000e-01
      vertex 8.160936e-01 3.380370e-01 1.500000e-01
    endloop
  endfacet
  facet normal -7.567344e-01 -2.295529e-01 -6.120936e-01
    outer loop
      vertex 8.160936e-01 3.380370e-01 1.500000e-01
      vertex 7.519354e-01 1.495692e-01 3.000000e-01
      vertex 7.083076e-01 2.933906e-01 3.000000e-01
    endloop
  endfacet
  facet normal -6.974104e-01 -3.727736e-01 -6.120936e-01
    outer loop
      vertex 8.160936e-01 3.380370e-01 1.500000e-01
      vertex 7.083076e-01 2.933906e-01 3.000000e-01
      vertex 7.344648e-01 4.907537e-01 1.500000e-01
    endloop
  endfacet
  facet normal -6.974104e-01 -3.727736e-01 -6.120936e-01
    outer loop
      vertex 7.344648e-01 4.907537e-01 1.500000e-01
      vertex 7.083076e-01 2.933906e-01 3.000000e-01
      vertex 6.374600e-01 4.259372e-01 3.000000e-01
    endloop
  endfacet
  facet normal -6.112853e-01 -5.016689e-01 -6.120936e-01
    outer loop
      vertex 7.344648e-01 4.907537e-01 1.500000e-01
      vertex 6.374600e-01 4.259372e-01 3.000000e-01
      vertex 6.246110e-01 6.246110e-01 1.500000e-01
    endloop
  endfacet
  facet normal -6.112853e-01 -5.016689e-01 -6.120936e-01
    outer loop
      vertex 6.246110e-01 6.246110e-01 1.500000e-01
      vertex 6.374600e-01 4.259372e-01 3.000000e-01
      vertex 5.421152e-01 5.421152e-01 3.000000e-01
    endloop
  endfacet
  facet normal -5.016689e-01 -6.112853e-01 -6.120936e-01
    outer loop
      vertex 6.246110e-01 6.246110e-01 1.500000e-01
      vertex 5.421152e-01 5.421152e-01 3.000000e-01
      vertex 4.907537e-01 7.344648e-01 1.500000e-01
    endloop
  endfacet
  facet normal -5.016689e-01 -6.112853e-01 -6.120936e-01
    outer loop
      vertex 4.907537e-01 7.344648e-01 1.500000e-01
      vertex 5.421152e-01 5.421152e-01 3.000000e-01
      vertex 4.259372e-01 6.374600e-01 3.000000e-01
    endloop
  endfacet
  facet normal -3.727736e-01 -6.974104e-01 -6.120936e-01
    outer loop
      vertex 4.907537e-01 7.344648e-01 1.500000e-01
      vertex 4.259372e-01 6.374600e-01 3.000000e-01
      vertex 3.380370e-01 8.160936e-01 1.500000e-01
    endloop
  endfacet
  facet normal -3.727736e-01 -6.974104e-01 -6.120936e-01
    outer loop
      vertex 3.380370e-01 8.160936e-01 1.500000e-01
      vertex 4.259372e-01 6.374600e-01 3.000000e-01
      vertex 2.933906e-01 7.083076e-01 3.000000e-01
    endloop
  endfacet
  facet normal -2.295529e-01 -7.567344e-01 -6.120936e-01
    outer loop
      vertex 3.380370e-01 8.160936e-01 1.500000e-01
      vertex 2.933906e-01 7.083076e-01 3.000000e-01
      vertex 1.723298e-01 8.663603e-01 1.500000e-01
    endloop
  endfacet
  facet normal -2.295529e-01 -7.567344e-01 -6.120936e-01
    outer loop
      vertex 1.723298e-01 8.663603e-01 1.500000e-01
      vertex 2.933906e-01 7.083076e-01 3.000000e-01
      vertex 1.495692e-01 7.519354e-01 3.000000e-01
    endloop
  endfacet
  facet normal -7.751052e-02 -7.869775e-01 -6.120936e-01
    outer loop
      vertex 1.723298e-01 8.663603e-01 1.500000e-01
      vertex 1.495692e-01 7.519354e-01 3.000000e-01
      vertex 5.408857e-17 8.833333e-01 1.500000e-01
    endloop
  endfacet
  facet normal -7.751052e-02 -7.869775e-01 -6.120936e-01
    outer loop
      vertex 5.408857e-17 8.833333e-01 1.500000e-01
      vertex 1.495692e-01 7.519354e-01 3.000000e-01
      vertex 4.694479e-17 7.666667e-01 3.000000e-01
    endloop
  endfacet
  facet normal 7.751052e-02 -7.869775e-01 -6.120936e-01
    outer loop
      vertex 5.408857e-17 8.833333e-01 1.500000e-01
      vertex 4.694479e-17 7.666667e-01 3.000000e-01
      vertex -1.723298e-01 8.663603e-01 1.500000e-01
    endloop
  endfacet
  facet normal 7.751052e-02 -7.869775e-01 -6.120936e-01
    outer loop
      vertex -1.723298e-01 8.663603e-01 1.500000e-01
      vertex 4.694479e-17 7.666667e-01 3.000000e-01
      vertex -1.495692e-01 7.519354e-01 3.000000e-01
    endloop
  endfacet
  facet normal 2.295529e-01 -7.567344e-01 -6.120936e-01
    outer loop
      vertex -1.723298e-01 8.663603e-01 1.500000e-01
      vertex -1.495692e-01 7.519354e-01 3.000000e-01
      vertex -3.380370e-01 8.160936e-01 1.500000e-01
    endloop
  endfacet
  facet normal 2.295529e-01 -7.567344e-01 -6.120936e-01
    outer loop
      vertex -3.380370e-01 8.160936e-01 1.500000e-01
      vertex -1.495692e-01 7.519354e-01 3.000000e-01
      vertex -2.933906e-01 7.083076e-01 3.000000e-01
    endloop
  endfacet
  facet normal 3.727736e-01 -6.974104e-01 -6.120936e-01
    outer loop
      vertex -3.380370e-01 8.160936e-01 1.500000e-01
      vertex -2.933906e-01 7.083076e-01 3.000000e-01
      vertex -4.907537e-01 7.344648e-01 1.500000e-01
    endloop
  endfacet
  facet normal 3.727736e-01 -6.974104e-01 -6.120936e-01
    outer loop
      vertex -4.907537e-01 7.344648e-01 1.500000e-01
      vertex -2.933906e-01 7.083076e-01 3.000000e-01
      vertex -4.259372e-01 6.374600e-01 3.000000e-01
    endloop
  endfacet
  facet normal 5.016689e-01 -6.112853e-01 -6.120936e-01
    outer loop
      vertex -4.907537e-01 7.344648e-01 1.500000e-01
      vertex -4.259372e-01 6.374600e-01 3.000000e-01
      vertex -6.246110e-01 6.246110e-01 1.500000e-01
    endloop
  endfacet
  facet normal 5.016689e-01 -6.112853e-01 -6.120936e-01
    outer loop
      vertex -6.246110e-01 6.246110e-01 1.500000e-01
      vertex -4.259372e-01 6.374600e-01 3.000000e-01
      vertex -5.421152e-01 5.421152e-01 3.000000e-01
    endloop
  endfacet
  facet normal 6.112853e-01 -5.016689e-01 -6.120936e-01
    outer loop
      vertex -6.246110e-01 6.246110e-01 1.500000e-01
      vertex -5.421152e-01 5.421152e-01 3.000000e-01
      vertex -7.344648e-01 4.907537e-01 1.500000e-01
    endloop
  endfacet
  facet normal 6.112853e-01 -5.016689e-01 -6.120936e-01
    outer loop
      vertex -7.344648e-01 4.907537e-01 1.500000e-01
      vertex -5.421152e-01 5.421152e-01 3.000000e-01
      vertex -6.374600e-01 4.259372e-01 3.000000e-01
    endloop
  endfacet
  facet normal 6.974104e-01 -3.727736e-01 -6.120936e-01
    outer loop
      vertex -7.344648e-01 4.907537e-01 1.500000e-01
      vertex -6.374600e-01 4.259372e-01 3.000000e-01
      vertex -8.160936e-01 3.380370e-01 1.500000e-01
    endloop
  endfacet
  facet normal 6.974104e-01 -3.727736e-01 -6.120936e-01
    outer loop
      vertex -8.160936e-01 3.380370e-01 1.500000e-01
      vertex -6.374600e-01 4.259372e-01 3.000000e-01
      vertex -7.083076e-01 2.933906e-01 3.000000e-01
    endloop
  endfacet
  facet normal 7.567344e-01 -2.295529e-01 -6.120936e-01
    outer loop
      vertex -8.160936e-01 3.380370e-01 1.500000e-01
      vertex -7.083076e-01 2.933906e-01 3.000000e-01
      vertex -8.663603e-01 1.723298e-01 1.500000e-01
    endloop
  endfacet
  facet normal 7.567344e-01 -2.295529e-01 -6.120936e-01
    outer loop
      vertex -8.663603e-01 1.723298e-01 1.500000e-01
      vertex -7.083076e-01 2.933906e-01 3.000000e-01
      vertex -7.519354e-01 1.495692e-01 3.000000e-01
    endloop
  endfacet
  facet normal 7.869775e-01 -7.751052e-02 -6.120936e-01
    outer loop
      vertex -8.663603e-01 1.723298e-01 1.500000e-01
      vertex -7.519354e-01 1.495692e-01 3.000000e-01
      vertex -8.833333e-01 1.081771e-16 1.500000e-01
    endloop
  endfacet
  facet normal 7.869775e-01 -7.751052e-02 -6.120936e-01
    outer loop
      vertex -8.833333e-01 1.081771e-16 1.500000e-01
      vertex -7.519354e-01 1.495692e-01 3.000000e-01
      vertex -7.666667e-01 9.388959e-17 3.000000e-01
    endloop
  endfacet
  facet normal 7.869775e-01 7.751052e-02 -6.120936e-01
    outer loop
      vertex -8.833333e-01 1.081771e-16 1.500000e-01
      vertex -7.666667e-01 9.388959e-17 3.000000e-01
      vertex -8.663603e-01 -1.723298e-01 1.500000e-01
    endloop
  endfacet
  facet normal 7.869775e-01 7.751052e-02 -6.120936e-01
    outer loop
      vertex -8.663603e-01 -1.723298e-01 1.500000e-01
      vertex -7.666667e-01 9.388959e-17 3.000000e-01
      vertex -7.519354e-01 -1.495692e-01 3.000000e-01
    endloop
  endfacet
  facet normal 7.567344e-01 2.295529e-01 -6.120936e-01
    outer loop
      vertex -8.663603e-01 -1.723298e-01 1.500000e-01
      vertex -7.519354e-01 -1.495692e-01 3.000000e-01
      vertex -8.160936e-01 -3.380370e-01 1.500000e-01
    endloop
  endfacet
  facet normal 7.567344e-01 2.295529e-01 -6.120936e-01
    outer loop
      vertex -8.160936e-01 -3.380370e-01 1.500000e-01
      vertex -7.519354e-01 -1.495692e-01 3.000000e-01
      vertex -7.083076e-01 -2.933906e-01 3.000000e-01
    endloop
  endfacet
  facet normal 6.974104e-01 3.727736e-01 -6.120936e-01
    outer loop
      vertex -8.160936e-01 -3.380370e-01 1.500000e-01
      vertex -7.083076e-01 -2.933906e-01 3.000000e-01
      vertex -7.344648e-01 -4.907537e-01 1.500000e-01
    endloop
  endfacet
  facet normal 6.974104e-01 3.727736e-01 -6.120936e-01
    outer loop
      vertex -7.344648e-01 -4.907537e-01 1.500000e-01
      vertex -7.083076e-01 -2.933906e-01 3.000000e-01
      vertex -6.374600e-01 -4.259372e-01 3.000000e-01
    endloop
  endfacet
  facet normal 6.112853e-01 5.016689e-01 -6.120936e-01
    outer loop
      vertex -7.344648e-01 -4.907537e-01 1.500000e-01
      vertex -6.374600e-01 -4.259372e-01 3.000000e-01
      vertex -6.246110e-01 -6.246110e-01 1.500000e-01
    endloop
  endfacet
  facet normal 6.112853e-01 5.016689e-01 -6.120936e-01
    outer loop
      vertex -6.246110e-01 -6.246110e-01 1.500000e-01
      vertex -6.374600e-01 -4.259372e-01 3.000000e-01
      vertex -5.421152e-01 -5.421152e-01 3.000000e-01
    endloop
  endfacet
  facet normal 5.016689e-01 6.112853e-01 -6.120936e-01
    outer loop
      vertex -6.246110e-01 -6.246110e-01 1.500000e-01
      vertex -5.421152e-01 -5.421152e-01 3.000000e-01
      vertex -4.907537e-01 -7.344648e-01 1.500000e-01
    endloop
  endfacet
  facet normal 5.016689e-01 6.112853e-01 -6.120936e-01
    outer loop
      vertex -4.907537e-01 -7.344648e-01 1.500000e-01
      vertex -5.421152e-01 -5.421152e-01 3.000000e-01
      vertex -4.259372e-01 -6.374600e-01 3.000000e-01
    endloop
  endfacet
  facet normal 3.727736e-01 6.974104e-01 -6.120936e-01
    outer loop
      vertex -4.907537e-01 -7.344648e-01 1.500000e-01
      vertex -4.259372e-01 -6.374600e-01 3.000000e-01
      vertex -3.380370e-01 -8.160936e-01 1.500000e-01
    endloop
  endfacet
  facet normal 3.727736e-01 6.974104e-01 -6.120936e-01
    outer loop
      vertex -3.380370e-01 -8.160936e-01 1.500000e-01
      vertex -4.259372e-01 -6.374600e-01 3.000000e-01
      vertex -2.933906e-01 -7.083076e-01 3.000000e-01
    endloop
  endfacet
  facet normal 2.295529e-01 7.567344e-01 -6.120936e-01
    outer loop
      vertex -3.380370e-01 -8.160936e-01 1.500000e-01
      vertex -2.933906e-01 -7.083076e-01 3.000000e-01
      vertex -1.723298e-01 -8.663603e-01 1.500000e-01
    endloop
  endfacet
  facet normal 2.295529e-01 7.567344e-01 -6.120936e-01
    outer loop
      vertex -1.723298e-01 -8.663603e-01 1.500000e-01
      vertex -2.933906e-01 -7.083076e-01 3.000000e-01
      vertex -1.495692e-01 -7.519354e-01 3.000000e-01
    endloop
  endfacet
  facet normal 7.751052e-02 7.869775e-01 -6.120936e-01
    outer loop
      vertex -1.723298e-01 -8.663603e-01 1.500000e-01
      vertex -1.495692e-01 -7.519354e-01 3.000000e-01
      vertex -1.622657e-16 -8.833333e-01 1.500000e-01
    endloop
  endfacet
  facet normal 7.751052e-02 7.869775e-01 -6.120936e-01
    outer loop
      vertex -1.622657e-16 -8.833333e-01 1.500000e-01
      vertex -1.495692e-01 -7.519354e-01 3.000000e-01
      vertex -1.408344e-16 -7.666667e-01 3.000000e-01
    endloop
  endfacet
  facet normal -7.751052e-02 7.869775e-01 -6.120936e-01
    outer loop
      vertex -1.622657e-16 -8.833333e-01 1.500000e-01
      vertex -1.408344e-16 -7.666667e-01 3.000000e-01
      vertex 1.723298e-01 -8.663603e-01 1.500000e-01
    endloop
  endfacet
  facet normal -7.751052e-02 7.869775e-01 -6.120936e-01
    outer loop
      vertex 1.723298e-01 -8.663603e-01 1.500000e-01
      vertex -1.408344e-16 -7.666667e-01 3.000000e-01
      vertex 1.495692e-01 -7.519354e-01 3.000000e-01
    endloop
  endfacet
  facet normal -2.295529e-01 7.567344e-01 -6.120936e-01
    outer loop
      vertex 1.723298e-01 -8.663603e-01 1.500000e-01
      vertex 1.495692e-01 -7.519354e-01 3.000000e-01
      vertex 3.380370e-01 -8.160936e-01 1.500000e-01
    endloop
  endfacet
  facet normal -2.295529e-01 7.567344e-01 -6.120936e-01
    outer loop
      vertex 3.380370e-01 -8.160936e-01 1.500000e-01
      vertex 1.495692e-01 -7.519354e-01 3.000000e-01
      vertex 2.933906e-01 -7.083076e-01 3.000000e-01
    endloop
  endfacet
  facet normal -3.727736e-01 6.974104e-01 -6.120936e-01
    outer loop
      vertex 3.380370e-01 -8.160936e-01 1.500000e-01
      vertex 2.933906e-01 -7.083076e-01 3.000000e-01
      vertex 4.907537e-01 -7.344648e-01 1.500000e-01
    endloop
  endfacet
  facet normal -3.727736e-01 6.974104e-01 -6.120936e-01
    outer loop
      vertex 4.907537e-01 -7.344648e-01 1.500000e-01
      vertex 2.933906e-01 -7.083076e-01 3.000000e-01
      vertex 4.259372e-01 -6.374600e-01 3.000000e-01
    endloop
  endfacet
  facet normal -5.016689e-01 6.112853e-01 -6.120936e-01
    outer loop
      vertex 4.907537e-01 -7.344648e-01 1.500000e-01
      vertex 4.259372e-01 -6.374600e-01 3.000000e-01
      vertex 6.246110e-01 -6.246110e-01 1.500000e-01
    endloop
  endfacet
  facet normal -5.016689e-01 6.112853e-01 -6.120936e-01
    outer loop
      vertex 6.246110e-01 -6.246110e-01 1.500000e-01
      vertex 4.259372e-01 -6.374600e-01 3.000000e-01
      vertex 5.421152e-01 -5.421152e-01 3.000000e-01
    endloop
  endfacet
  facet normal -6.112853e-01 5.016689e-01 -6.120936e-01
    outer loop
      vertex 6.246110e-01 -6.246110e-01 1.500000e-01
      vertex 5.421152e-01 -5.421152e-01 3.000000e-01
      vertex 7.344648e-01 -4.907537e-01 1.500000e-01
    endloop
  endfacet
  facet normal -6.112853e-01 5.016689e-01 -6.120936e-01
    outer loop
      vertex 7.344648e-01 -4.907537e-01 1.500000e-01
      vertex 5.421152e-01 -5.421152e-01 3.000000e-01
      vertex 6.374600e-01 -4.259372e-01 3.000000e-01
    endloop
  endfacet
  facet normal -6.974104e-01 3.727736e-01 -6.120936e-01
    outer loop
      vertex 7.344648e-01 -4.907537e-01 1.500000e-01
      vertex 6.374600e-01 -4.259372e-01 3.000000e-01
      vertex 8.160936e-01 -3.380370e-01 1.500000e-01
    endloop
  endfacet
  facet normal -6.974104e-01 3.727736e-01 -6.120936e-01
    outer loop
      vertex 8.160936e-01 -3.380370e-01 1.500000e-01
      vertex 6.374600e-01 -4.259372e-01 3.000000e-01
      vertex 7.083076e-01 -2.933906e-01 3.000000e-01
    endloop
  endfacet
  facet normal -7.567344e-01 2.295529e-01 -6.120936e-01
    outer loop
      vertex 8.160936e-01 -3.380370e-01 1.500000e-01
      vertex 7.083076e-01 -2.933906e-01 3.000000e-01
      vertex 8.663603e-01 -1.723298e-01 1.500000e-01
    endloop
  endfacet
  facet normal -7.567344e-01 2.295529e-01 -6.120936e-01
    outer loop
      vertex 8.663603e-01 -1.723298e-01 1.500000e-01
      vertex 7.083076e-01 -2.933906e-01 3.000000e-01
      vertex 7.519354e-01 -1.495692e-01 3.000000e-01
    endloop
  endfacet
  facet normal -7.869775e-01 7.751052e-02 -6.120936e-01
    outer loop
      vertex 8.663603e-01 -1.723298e-01 1.500000e-01
      vertex 7.519354e-01 -1.495692e-01 3.000000e-01
      vertex 8.833333e-01 0.000000e+00 1.500000e-01
    endloop
  endfacet
  facet normal -7.869775e-01 7.751052e-02 -6.120936e-01
    outer loop
      vertex 8.833333e-01 0.000000e+00 1.500000e-01
      vertex 7.519354e-01 -1.495692e-01 3.000000e-01
      vertex 7.666667e-01 0.000000e+00 3.000000e-01
    endloop
  endfacet
  facet normal -7.869775e-01 -7.751052e-02 -6.120936e-01
    outer loop
      vertex 7.666667e-01 0.000000e+00 3.000000e-01
      vertex 6.500000e-01 0.000000e+00 4.500000e-01
      vertex 7.519354e-01 1.495692e-01 3.000000e-01
    endloop
  endfacet
  facet normal -7.869775e-01 -7.751052e-02 -6.120936e-01
    outer loop
      vertex 7.519354e-01 1.495692e-01 3.000000e-01
      vertex 6.500000e-01 0.000000e+00 4.500000e-01
      vertex 6.375104e-01 1.268087e-01 4.500000e-01
    endloop
  endfacet
  facet normal -7.567344e-01 -2.295529e-01 -6.120936e-01
    outer loop
      vertex 7.519354e-01 1.495692e-01 3.000000e-01
      vertex 6.375104e-01 1.268087e-01 4.500000e-01
      vertex 7.083076e-01 2.933906e-01 3.000000e-01
    endloop
  endfacet
  facet normal -7.567344e-01 -2.295529e-01 -6.120936e-01
    outer loop
      vertex 7.083076e-01 2.933906e-01 3.000000e-01
      vertex 6.375104e-01 1.268087e-01 4.500000e-01
      vertex 6.005217e-01 2.487442e-01 4.500000e-01
    endloop
  endfacet
  facet normal -6.974104e-01 -3.727736e-01 -6.120936e-01
    outer loop
      vertex 7.083076e-01 2.933906e-01 3.000000e-01
      vertex 6.005217e-01 2.487442e-01 4.500000e-01
      vertex 6.374600e-01 4.259372e-01 3.000000e-01
    endloop
  endfacet
  facet normal -6.974104e-01 -3.727736e-01 -6.120936e-01
    outer loop
      vertex 6.374600e-01 4.259372e-01 3.000000e-01
      vertex 6.005217e-01 2.487442e-01 4.500000e-01
      vertex 5.404552e-01 3.611207e-01 4.500000e-01
    endloop
  endfacet
  facet normal -6.112853e-01 -5.016689e-01 -6.120936e-01
    outer loop
      vertex 6.374600e-01 4.259372e-01 3.000000e-01
      vertex 5.404552e-01 3.611207e-01 4.500000e-01
      vertex 5.421152e-01 5.421152e-01 3.000000e-01
    endloop
  endfacet
  facet normal -6.112853e-01 -5.016689e-01 -6.120936e-01
    outer loop
      vertex 5.421152e-01 5.421152e-01 3.000000e-01
      vertex 5.404552e-01 3.611207e-01 4.500000e-01
      vertex 4.596194e-01 4.596194e-01 4.500000e-01
    endloop
  endfacet
  facet normal -5.016689e-01 -6.112853e-01 -6.120936e-01
    outer loop
      vertex 5.421152e-01 5.421152e-01 3.000000e-01
      vertex 4.596194e-01 4.596194e-01 4.500000e-01
      vertex 4.259372e-01 6.374600e-01 3.000000e-01
    endloop
  endfacet
  facet normal -5.016689e-01 -6.112853e-01 -6.120936e-01
    outer loop
      vertex 4.259372e-01 6.374600e-01 3.000000e-01
      vertex 4.596194e-01 4.596194e-01 4.500000e-01
      vertex 3.611207e-01 5.404552e-01 4.500000e-01
    endloop
  endfacet
  facet normal -3.727736e-01 -6.974104e-01 -6.120936e-01
    outer loop
      vertex 4.259372e-01 6.374600e-01 3.000000e-01
      vertex 3.611207e-01 5.404552e-01 4.500000e-01
      vertex 2.933906e-01 7.083076e-01 3.000000e-01
    endloop
  endfacet
  facet normal -3.727736e-01 -6.974104e-01 -6.120936e-01
    outer loop
      vertex 2.933906e-01 7.083076e-01 3.000000e-01
      vertex 3.611207e-01 5.404552e-01 4.500000e-01
      vertex 2.487442e-01 6.005217e-01 4.500000e-01
    endloop
  endfacet
  facet normal -2.295529e-01 -7.567344e-01 -6.120936e-01
    outer loop
      vertex 2.933906e-01 7.083076e-01 3.000000e-01
      vertex 2.487442e-01 6.005217e-01 4.500000e-01
      vertex 1.495692e-01 7.519354e-01 3.000000e-01
    endloop
  endfacet
  facet normal -2.295529e-01 -7.567344e-01 -6.120936e-01
    outer loop
      vertex 1.495692e-01 7.519354e-01 3.000000e-01
      vertex 2.487442e-01 6.005217e-01 4.500000e-01
      vertex 1.268087e-01 6.375104e-01 4.500000e-01
    endloop
  endfacet
  facet normal -7.751052e-02 -7.869775e-01 -6.120936e-01
    outer loop
      vertex 1.495692e-01 7.519354e-01 3.000000e-01
      vertex 1.268087e-01 6.375104e-01 4.500000e-01
      vertex 4.694479e-17 7.666667e-01 3.000000e-01
    endloop
  endfacet
  facet normal -7.751052e-02 -7.869775e-01 -6.120936e-01
    outer loop
      vertex 4.694479e-17 7.666667e-01 3.000000e-01
      vertex 1.268087e-01 6.375104e-01 4.500000e-01
      vertex 3.980102e-17 6.500000e-01 4.500000e-01
    endloop
  endfacet
  facet normal 7.751052e-02 -7.869775e-01 -6.120936e-01
    outer loop
      vertex 4.694479e-17 7.666667e-01 3.000000e-01
      vertex 3.980102e-17 6.500000e-01 4.500000e-01
      vertex -1.495692e-01 7.519354e-01 3.000000e-01
    endloop
  endfacet
  facet normal 7.751052e-02 -7.869775e-01 -6.120936e-01
    outer loop
      vertex -1.495692e-01 7.519354e-01 3.000000e-01
      vertex 3.980102e-17 6.500000e-01 4.500000e-01
      vertex -1.268087e-01 6.375104e-01 4.500000e-01
    endloop
  endfacet
  facet normal 2.295529e-01 -7.567344e-01 -6.120936e-01
    outer loop
      vertex -1.495692e-01 7.519354e-01 3.000000e-01
      vertex -1.268087e-01 6.375104e-01 4.500000e-01
      vertex -2.933906e-01 7.083076e-01 3.000000e-01
    endloop
  endfacet
  facet normal 2.295529e-01 -7.567344e-01 -6.120936e-01
    outer loop
      vertex -2.933906e-01 7.083076e-01 3.000000e-01
      vertex -1.268087e-01 6.375104e-01 4.500000e-01
      vertex -2.487442e-01 6.005217e-01 4.500000e-01
    endloop
  endfacet
  facet normal 3.727736e-01 -6.974104e-01 -6.120936e-01
    outer loop
      vertex -2.933906e-01 7.083076e-01 3.000000e-01
      vertex -2.487442e-01 6.005217e-01 4.500000e-01
      vertex -4.259372e-01 6.374600e-01 3.000000e-01
    endloop
  endfacet
  facet normal 3.727736e-01 -6.974104e-01 -6.120936e-01
    outer loop
      vertex -4.259372e-01 6.374600e-01 3.000000e-01
      vertex -2.487442e-01 6.005217e-01 4.500000e-01
      vertex -3.611207e-01 5.404552e-01 4.500000e-01
    endloop
  endfacet
  facet normal 5.016689e-01 -6.112853e-01 -6.120936e-01
    outer loop
      vertex -4.259372e-01 6.374600e-01 3.000000e-01
      vertex -3.611207e-01 5.404552e-01 4.500000e-01
      vertex -5.421152e-01 5.421152e-01 3.000000e-01
    endloop
  endfacet
  facet normal 5.016689e-01 -6.112853e-01 -6.120936e-01
    outer loop
      vertex -5.421152e-01 5.421152e-01 3.000000e-01
      vertex -3.611207e-01 5.404552e-01 4.500000e-01
      vertex -4.596194e-01 4.596194e-01 4.500000e-01
    endloop
  endfacet
  facet normal 6.112853e-01 -5.016689e-01 -6.120936e-01
    outer loop
      vertex -5.421152e-01 5.421152e-01 3.000000e-01
      vertex -4.596194e-01 4.596194e-01 4.500000e-01
      vertex -6.374600e-01 4.259372e-01 3.000000e-01
    endloop
  endfacet
  facet normal 6.112853e-01 -5.016689e-01 -6.120936e-01
    outer loop
      vertex -6.374600e-01 4.259372e-01 3.000000e-01
      vertex -4.596194e-01 4.596194e-01 4.500000e-01
      vertex -5.404552e-01 3.611207e-01 4.500000e-01
    endloop
  endfacet
  facet normal 6.974104e-01 -3.727736e-01 -6.120936e-01
    outer loop
      vertex -6.374600e-01 4.259372e-01 3.000000e-01
      vertex -5.404552e-01 3.611207e-01 4.500000e-01
      vertex -7.083076e-01 2.933906e-01 3.000000e-01
    endloop
  endfacet
  facet normal 6.974104e-01 -3.727736e-01 -6.120936e-01
    outer loop
      vertex -7.083076e-01 2.933906e-01 3.000000e-01
      vertex -5.404552e-01 3.611207e-01 4.500000e-01
      vertex -6.005217e-01 2.487442e-01 4.500000e-01
    endloop
  endfacet
  facet normal 7.567344e-01 -2.295529e-01 -6.120936e-01
    outer loop
      vertex -7.083076e-01 2.933906e-01 3.000000e-01
      vertex -6.005217e-01 2.487442e-01 4.500000e-01
      vertex -7.519354e-01 1.495692e-01 3.000000e-01
    endloop
  endfacet
  facet normal 7.567344e-01 -2.295529e-01 -6.120936e-01
    outer loop
      vertex -7.519354e-01 1.495692e-01 3.000000e-01
      vertex -6.005217e-01 2.487442e-01 4.500000e-01
      vertex -6.375104e-01 1.268087e-01 4.500000e-01
    endloop
  endfacet
  facet normal 7.869775e-01 -7.751052e-02 -6.120936e-01
    outer loop
      vertex -7.519354e-01 1.495692e-01 3.000000e-01
      vertex -6.375104e-01 1.268087e-01 4.500000e-01
      vertex -7.666667e-01 9.388959e-17 3.000000e-01
    endloop
  endfacet
  facet normal 7.869775e-01 -7.751052e-02 -6.120936e-01
    outer loop
      vertex -7.666667e-01 9.388959e-17 3.000000e-01
      vertex -6.375104e-01 1.268087e-01 4.500000e-01
      vertex -6.500000e-01 7.960204e-17 4.500000e-01
    endloop
  endfacet
  facet normal 7.869775e-01 7.751052e-02 -6.120936e-01
    outer loop
      vertex -7.666667e-01 9.388959e-17 3.000000e-01
      vertex -6.500000e-01 7.960204e-17 4.500000e-01
      vertex -7.519354e-01 -1.495692e-01 3.000000e-01
    endloop
  endfacet
  facet normal 7.869775e-01 7.751052e-02 -6.120936e-01
    outer loop
      vertex -7.519354e-01 -1.495692e-01 3.000000e-01
      vertex -6.500000e-01 7.960204e-17 4.500000e-01
      vertex -6.375104e-01 -1.268087e-01 4.500000e-01
    endloop
  endfacet
  facet normal 7.567344e-01 2.295529e-01 -6.120936e-01
    outer loop
      vertex -7.519354e-01 -1.495692e-01 3.000000e-01
      vertex -6.375104e-01 -1.268087e-01 4.500000e-01
      vertex -7.083076e-01 -2.933906e-01 3.000000e-01
    endloop
  endfacet
  facet normal 7.567344e-01 2.295529e-01 -6.120936e-01
    outer loop
      vertex -7.083076e-01 -2.933906e-01 3.000000e-01
      vertex -6.375104e-01 -1.268087e-01 4.500000e-01
      vertex -6.005217e-01 -2.487442e-01 4.500000e-01
    endloop
  endfacet
  facet normal 6.974104e-01 3.727736e-01 -6.120936e-01
    outer loop
      vertex -7.083076e-01 -2.933906e-01 3.000000e-01
      vertex -6.005217e-01 -2.487442e-01 4.500000e-01
      vertex -6.374600e-01 -4.259372e-01 3.000000e-01
    endloop
  endfacet
  facet normal 6.974104e-01 3.727736e-01 -6.120936e-01
    outer loop
      vertex -6.374600e-01 -4.259372e-01 3.000000e-01
      vertex -6.005217e-01 -2.487442e-01 4.500000e-01
      vertex -5.404552e-01 -3.611207e-01 4.500000e-01
    endloop
  endfacet
  facet normal 6.112853e-01 5.016689e-01 -6.120936e-01
    outer loop
      vertex -6.374600e-01 -4.259372e-01 3.000000e-01
      vertex -5.404552e-01 -3.611207e-01 4.500000e-01
      vertex -5.421152e-01 -5.421152e-01 3.000000e-01
    endloop
  endfacet
  facet normal 6.112853e-01 5.016689e-01 -6.120936e-01
    outer loop
      vertex -5.421152e-01 -5.421152e-01 3.000000e-01
      vertex -5.404552e-01 -3.611207e-01 4.500000e-01
      vertex -4.596194e-01 -4.596194e-01 4.500000e-01
    endloop
  endfacet
  facet normal 5.016689e-01 6.112853e-01 -6.120936e-01
    outer loop
      vertex -5.421152e-01 -5.421152e-01 3.000000e-01
      vertex -4.596194e-01 -4.596194e-01 4.500000e-01
      vertex -4.259372e-01 -6.374600e-01 3.000000e-01
    endloop
  endfacet
  facet normal 5.016689e-01 6.112853e-01 -6.120936e-01
    outer loop
      vertex -4.259372e-01 -6.374600e-01 3.000000e-01
      vertex -4.596194e-01 -4.596194e-01 4.500000e-01
      vertex -3.611207e-01 -5.404552e-01 4.500000e-01
    endloop
  endfacet
  facet normal 3.727736e-01 6.974104e-01 -6.120936e-01
    outer loop
      vertex -4.259372e-01 -6.374600e-01 3.000000e-01
      vertex -3.611207e-01 -5.404552e-01 4.500000e-01
      vertex -2.933906e-01 -7.083076e-01 3.000000e-01
    endloop
  endfacet
  facet normal 3.727736e-01 6.974104e-01 -6.120936e-01
    outer loop
      vertex -2.933906e-01 -7.083076e-01 3.000000e-01
      vertex -3.611207e-01 -5.404552e-01 4.500000e-01
      vertex -2.487442e-01 -6.005217e-01 4.500000e-01
    endloop
  endfacet
  facet normal 2.295529e-01 7.567344e-01 -6.120936e-01
    outer loop
      vertex -2.933906e-01 -7.083076e-01 3.000000e-01
      vertex -2.487442e-01 -6.005217e-01 4.500000e-01
      vertex -1.495692e-01 -7.519354e-01 3.000000e-01
    endloop
  endfacet
  facet normal 2.295529e-01 7.567344e-01 -6.120936e-01
    outer loop
      vertex -1.495692e-01 -7.519354e-01 3.000000e-01
      vertex -2.487442e-01 -6.005217e-01 4.500000e-01
      vertex -1.268087e-01 -6.375104e-01 4.500000e-01
    endloop
  endfacet
  facet normal 7.751052e-02 7.869775e-01 -6.120936e-01
    outer loop
      vertex -1.495692e-01 -7.519354e-01 3.000000e-01
      vertex -1.268087e-01 -6.375104e-01 4.500000e-01
      vertex -1.408344e-16 -7.666667e-01 3.000000e-01
    endloop
  endfacet
  facet normal 7.751052e-02 7.869775e-01 -6.120936e-01
    outer loop
      vertex -1.408344e-16 -7.666667e-01 3.000000e-01
      vertex -1.268087e-01 -6.375104e-01 4.500000e-01
      vertex -1.194031e-16 -6.500000e-01 4.500000e-01
    endloop
  endfacet
  facet normal -7.751052e-02 7.869775e-01 -6.120936e-01
    outer loop
      vertex -1.408344e-16 -7.666667e-01 3.000000e-01
      vertex -1.194031e-16 -6.500000e-01 4.500000e-01
      vertex 1.495692e-01 -7.519354e-01 3.000000e-01
    endloop
  endfacet
  facet normal -7.751052e-02 7.869775e-01 -6.120936e-01
    outer loop
      vertex 1.495692e-01 -7.519354e-01 3.000000e-01
      vertex -1.194031e-16 -6.500000e-01 4.500000e-01
      vertex 1.268087e-01 -6.375104e-01 4.500000e-01
    endloop
  endfacet
  facet normal -2.295529e-01 7.567344e-01 -6.120936e-01
    outer loop
      vertex 1.495692e-01 -7.519354e-01 3.000000e-01
      vertex 1.268087e-01 -6.375104e-01 4.500000e-01
      vertex 2.933906e-01 -7.083076e-01 3.000000e-01
    endloop
  endfacet
  facet normal -2.295529e-01 7.567344e-01 -6.120936e-01
    outer loop
      vertex 2.933906e-01 -7.083076e-01 3.000000e-01
      vertex 1.268087e-01 -6.375104e-01 4.500000e-01
      vertex 2.487442e-01 -6.005217e-01 4.500000e-01
    endloop
  endfacet
  facet normal -3.727736e-01 6.974104e-01 -6.120936e-01
    outer loop
      vertex 2.933906e-01 -7.083076e-01 3.000000e-01
      vertex 2.487442e-01 -6.005217e-01 4.500000e-01
      vertex 4.259372e-01 -6.374600e-01 3.000000e-01
    endloop
  endfacet
  facet normal -3.727736e-01 6.974104e-01 -6.120936e-01
    outer loop
      vertex 4.259372e-01 -6.374600e-01 3.000000e-01
      vertex 2.487442e-01 -6.005217e-01 4.500000e-01
      vertex 3.611207e-01 -5.404552e-01 4.500000e-01
    endloop
  endfacet
  facet normal -5.016689e-01 6.112853e-01 -6.120936e-01
    outer loop
      vertex 4.259372e-01 -6.374600e-01 3.000000e-01
      vertex 3.611207e-01 -5.404552e-01 4.500000e-01
      vertex 5.421152e-01 -5.421152e-01 3.000000e-01
    endloop
  endfacet
  facet normal -5.016689e-01 6.112853e-01 -6.120936e-01
    outer loop
      vertex 5.421152e-01 -5.421152e-01 3.000000e-01
      vertex 3.611207e-01 -5.404552e-01 4.500000e-01
      vertex 4.596194e-01 -4.596194e-01 4.500000e-01
    endloop
  endfacet
  facet normal -6.112853e-01 5.016689e-01 -6.120936e-01
    outer loop
      vertex 5.421152e-01 -5.421152e-01 3.000000e-01
      vertex 4.596194e-01 -4.596194e-01 4.500000e-01
      vertex 6.374600e-01 -4.259372e-01 3.000000e-01
    endloop
  endfacet
  facet normal -6.112853e-01 5.016689e-01 -6.120936e-01
    outer loop
      vertex 6.374600e-01 -4.259372e-01 3.000000e-01
      vertex 4.596194e-01 -4.596194e-01 4.500000e-01
      vertex 5.404552e-01 -3.611207e-01 4.500000e-01
    endloop
  endfacet
  facet normal -6.974104e-01 3.727736e-01 -6.120936e-01
    outer loop
      vertex 6.374600e-01 -4.259372e-01 3.000000e-01
      vertex 5.404552e-01 -3.611207e-01 4.500000e-01
      vertex 7.083076e-01 -2.933906e-01 3.000000e-01
    endloop
  endfacet
  facet normal -6.974104e-01 3.727736e-01 -6.120936e-01
    outer loop
      vertex 7.083076e-01 -2.933906e-01 3.000000e-01
      vertex 5.404552e-01 -3.611207e-01 4.500000e-01
      vertex 6.005217e-01 -2.487442e-01 4.500000e-01
    endloop
  endfacet
  facet normal -7.567344e-01 2.295529e-01 -6.120936e-01
    outer loop
      vertex 7.083076e-01 -2.933906e-01 3.000000e-01
      vertex 6.005217e-01 -2.487442e-01 4.500000e-01
      vertex 7.519354e-01 -1.495692e-01 3.000000e-01
    endloop
  endfacet
  facet normal -7.567344e-01 2.295529e-01 -6.120936e-01
    outer loop
      vertex 7.519354e-01 -1.495692e-01 3.000000e-01
      vertex 6.005217e-01 -2.487442e-01 4.500000e-01
      vertex 6.375104e-01 -1.268087e-01 4.500000e-01
    endloop
  endfacet
  facet normal -7.869775e-01 7.751052e-02 -6.120936e-01
    outer loop
      vertex 7.519354e-01 -1.495692e-01 3.000000e-01
      vertex 6.375104e-01 -1.268087e-01 4.500000e-01
      vertex 7.666667e-01 0.000000e+00 3.000000e-01
    endloop
  endfacet
  facet normal -7.869775e-01 7.751052e-02 -6.120936e-01
    outer loop
      vertex 7.666667e-01 0.000000e+00 3.000000e-01
      vertex 6.375104e-01 -1.268087e-01 4.500000e-01
      vertex 6.500000e-01 0.000000e+00 4.500000e-01
    endloop
  endfacet
  facet normal -7.869775e-01 -7.751052e-02 -6.120936e-01
    outer loop
      vertex 6.500000e-01 0.000000e+00 4.500000e-01
      vertex 5.333333e-01 0.000000e+00 6.000000e-01
      vertex 6.375104e-01 1.268087e-01 4.500000e-01
    endloop
  endfacet
  facet normal -7.869775e-01 -7.751052e-02 -6.120936e-01
    outer loop
      vertex 6.375104e-01 1.268087e-01 4.500000e-01
      vertex 5.333333e-01 0.000000e+00 6.000000e-01
      vertex 5.230855e-01 1.040482e-01 6.000000e-01
    endloop
  endfacet
  facet normal -7.567344e-01 -2.295529e-01 -6.120936e-01
    outer loop
      vertex 6.375104e-01 1.268087e-01 4.500000e-01
      vertex 5.230855e-01 1.040482e-01 6.000000e-01
      vertex 6.005217e-01 2.487442e-01 4.500000e-01
    endloop
  endfacet
  facet normal -7.567344e-01 -2.295529e-01 -6.120936e-01
    outer loop
      vertex 6.005217e-01 2.487442e-01 4.500000e-01
      vertex 5.230855e-01 1.040482e-01 6.000000e-01
      vertex 4.927358e-01 2.040978e-01 6.000000e-01
    endloop
  endfacet
  facet normal -6.974104e-01 -3.727736e-01 -6.120936e-01
    outer loop
      vertex 6.005217e-01 2.487442e-01 4.500000e-01
      vertex 4.927358e-01 2.040978e-01 6.000000e-01
      vertex 5.404552e-01 3.611207e-01 4.500000e-01
    endloop
  endfacet
  facet normal -6.974104e-01 -3.727736e-01 -6.120936e-01
    outer loop
      vertex 5.404552e-01 3.611207e-01 4.500000e-01
      vertex 4.927358e-01 2.040978e-01 6.000000e-01
      vertex 4.434505e-01 2.963041e-01 6.000000e-01
    endloop
  endfacet
  facet normal -6.112853e-01 -5.016689e-01 -6.120936e-01
    outer loop
      vertex 5.404552e-01 3.611207e-01 4.500000e-01
      vertex 4.434505e-01 2.963041e-01 6.000000e-01
      vertex 4.596194e-01 4.596194e-01 4.500000e-01
    endloop
  endfacet
  facet normal -6.112853e-01 -5.016689e-01 -6.120936e-01
    outer loop
      vertex 4.596194e-01 4.596194e-01 4.500000e-01
      vertex 4.434505e-01 2.963041e-01 6.000000e-01
      vertex 3.771236e-01 3.771236e-01 6.000000e-01
    endloop
  endfacet
  facet normal -5.016689e-01 -6.112853e-01 -6.120936e-01
    outer loop
      vertex 4.596194e-01 4.596194e-01 4.500000e-01
      vertex 3.771236e-01 3.771236e-01 6.000000e-01
      vertex 3.611207e-01 5.404552e-01 4.500000e-01
    endloop
  endfacet
  facet normal -5.016689e-01 -6.112853e-01 -6.120936e-01
    outer loop
      vertex 3.611207e-01 5.404552e-01 4.500000e-01
      vertex 3.771236e-01 3.771236e-01 6.000000e-01
      vertex 2.963041e-01 4.434505e-01 6.000000e-01
    endloop
  endfacet
  facet normal -3.727736e-01 -6.974104e-01 -6.120936e-01
    outer loop
      vertex 3.611207e-01 5.404552e-01 4.500000e-01
      vertex 2.963041e-01 4.434505e-01 6.000000e-01
      vertex 2.487442e-01 6.005217e-01 4.500000e-01
    endloop
  endfacet
  facet normal -3.727736e-01 -6.974104e-01 -6.120936e-01
    outer loop
      vertex 2.487442e-01 6.005217e-01 4.500000e-01
      vertex 2.963041e-01 4.434505e-01 6.000000e-01
      vertex 2.040978e-01 4.927358e-01 6.000000e-01
    endloop
  endfacet
  facet normal -2.295529e-01 -7.567344e-01 -6.120936e-01
    outer loop
      vertex 2.487442e-01 6.005217e-01 4.500000e-01
      vertex 2.040978e-01 4.927358e-01 6.000000e-01
      vertex 1.268087e-01 6.375104e-01 4.500000e-01
    endloop
  endfacet
  facet normal -2.295529e-01 -7.567344e-01 -6.120936e-01
    outer loop
      vertex 1.268087e-01 6.375104e-01 4.500000e-01
      vertex 2.040978e-01 4.927358e-01 6.000000e-01
      vertex 1.040482e-01 5.230855e-01 6.000000e-01
    endloop
  endfacet
  facet normal -7.751052e-02 -7.869775e-01 -6.120936e-01
    outer loop
      vertex 1.268087e-01 6.375104e-01 4.500000e-01
      vertex 1.040482e-01 5.230855e-01 6.000000e-01
      vertex 3.980102e-17 6.500000e-01 4.500000e-01
    endloop
  endfacet
  facet normal -7.751052e-02 -7.869775e-01 -6.120936e-01
    outer loop
      vertex 3.980102e-17 6.500000e-01 4.500000e-01
      vertex 1.040482e-01 5.230855e-01 6.000000e-01
      vertex 3.265725e-17 5.333333e-01 6.000000e-01
    endloop
  endfacet
  facet normal 7.751052e-02 -7.869775e-01 -6.120936e-01
    outer loop
      vertex 3.980102e-17 6.500000e-01 4.500000e-01
      vertex 3.265725e-17 5.333333e-01 6.000000e-01
      vertex -1.268087e-01 6.375104e-01 4.500000e-01
    endloop
  endfacet
  facet normal 7.751052e-02 -7.869775e-01 -6.120936e-01
    outer loop
      vertex -1.268087e-01 6.375104e-01 4.500000e-01
      vertex 3.265725e-17 5.333333e-01 6.000000e-01
      vertex -1.040482e-01 5.230855e-01 6.000000e-01
    endloop
  endfacet
  facet normal 2.295529e-01 -7.567344e-01 -6.120936e-01
    outer loop
      vertex -1.268087e-01 6.375104e-01 4.500000e-01
      vertex -1.040482e-01 5.230855e-01 6.000000e-01
      vertex -2.487442e-01 6.005217e-01 4.500000e-01
    endloop
  endfacet
  facet normal 2.295529e-01 -7.567344e-01 -6.120936e-01
    outer loop
      vertex -2.487442e-01 6.005217e-01 4.500000e-01
      vertex -1.040482e-01 5.230855e-01 6.000000e-01
      vertex -2.040978e-01 4.927358e-01 6.000000e-01
    endloop
  endfacet
  facet normal 3.727736e-01 -6.974104e-01 -6.120936e-01
    outer loop
      vertex -2.487442e-01 6.005217e-01 4.500000e-01
      vertex -2.040978e-01 4.927358e-01 6.000000e-01
      vertex -3.611207e-01 5.404552e-01 4.500000e-01
    endloop
  endfacet
  facet normal 3.727736e-01 -6.974104e-01 -6.120936e-01
    outer loop
      vertex -3.611207e-01 5.404552e-01 4.500000e-01
      vertex -2.040978e-01 4.927358e-01 6.000000e-01
      vertex -2.963041e-01 4.434505e-01 6.000000e-01
    endloop
  endfacet
  facet normal 5.016689e-01 -6.112853e-01 -6.120936e-01
    outer loop
      vertex -3.611207e-01 5.404552e-01 4.500000e-01
      vertex -2.963041e-01 4.434505e-01 6.000000e-01
      vertex -4.596194e-01 4.596194e-01 4.500000e-01
    endloop
  endfacet
  facet normal 5.016689e-01 -6.112853e-01 -6.120936e-01
    outer loop
      vertex -4.596194e-01 4.596194e-01 4.500000e-01
      vertex -2.963041e-01 4.434505e-01 6.000000e-01
      vertex -3.771236e-01 3.771236e-01 6.000000e-01
    endloop
  endfacet
  facet normal 6.112853e-01 -5.016689e-01 -6.120936e-01
    outer loop
      vertex -4.596194e-01 4.596194e-01 4.500000e-01
      vertex -3.771236e-01 3.771236e-01 6.000000e-01
      vertex -5.404552e-01 3.611207e-01 4.500000e-01
    endloop
  endfacet
  facet normal 6.112853e-01 -5.016689e-01 -6.120936e-01
    outer loop
      vertex -5.404552e-01 3.611207e-01 4.500000e-01
      vertex -3.771236e-01 3.771236e-01 6.000000e-01
      vertex -4.434505e-01 2.963041e-01 6.000000e-01
    endloop
  endfacet
  facet normal 6.974104e-01 -3.727736e-01 -6.120936e-01
    outer loop
      vertex -5.404552e-01 3.611207e-01 4.500000e-01
      vertex -4.434505e-01 2.963041e-01 6.000000e-01
      vertex -6.005217e-01 2.487442e-01 4.500000e-01
    endloop
  endfacet
  facet normal 6.974104e-01 -3.727736e-01 -6.120936e-01
    outer loop
      vertex -6.005217e-01 2.487442e-01 4.500000e-01
      vertex -4.434505e-01 2.963041e-01 6.000000e-01
      vertex -4.927358e-01 2.040978e-01 6.000000e-01
    endloop
  endfacet
  facet normal 7.567344e-01 -2.295529e-01 -6.120936e-01
    outer loop
      vertex -6.005217e-01 2.487442e-01 4.500000e-01
      vertex -4.927358e-01 2.040978e-01 6.000000e-01
      vertex -6.375104e-01 1.268087e-01 4.500000e-01
    endloop
  endfacet
  facet normal 7.567344e-01 -2.295529e-01 -6.120936e-01
    outer loop
      vertex -6.375104e-01 1.268087e-01 4.500000e-01
      vertex -4.927358e-01 2.040978e-01 6.000000e-01
      vertex -5.230855e-01 1.040482e-01 6.000000e-01
    endloop
  endfacet
  facet normal 7.869775e-01 -7.751052e-02 -6.120936e-01
    outer loop
      vertex -6.375104e-01 1.268087e-01 4.500000e-01
      vertex -5.230855e-01 1.040482e-01 6.000000e-01
      vertex -6.500000e-01 7.960204e-17 4.500000e-01
    endloop
  endfacet
  facet normal 7.869775e-01 -7.751052e-02 -6.120936e-01
    outer loop
      vertex -6.500000e-01 7.960204e-17 4.500000e-01
      vertex -5.230855e-01 1.040482e-01 6.000000e-01
      vertex -5.333333e-01 6.531450e-17 6.000000e-01
    endloop
  endfacet
  facet normal 7.869775e-01 7.751052e-02 -6.120936e-01
    outer loop
      vertex -6.500000e-01 7.960204e-17 4.500000e-01
      vertex -5.333333e-01 6.531450e-17 6.000000e-01
      vertex -6.375104e-01 -1.268087e-01 4.500000e-01
    endloop
  endfacet
  facet normal 7.869775e-01 7.751052e-02 -6.120936e-01
    outer loop
      vertex -6.375104e-01 -1.268087e-01 4.500000e-01
      vertex -5.333333e-01 6.531450e-17 6.000000e-01
      vertex -5.230855e-01 -1.040482e-01 6.000000e-01
    endloop
  endfacet
  facet normal 7.567344e-01 2.295529e-01 -6.120936e-01
    outer loop
      vertex -6.375104e-01 -1.268087e-01 4.500000e-01
      vertex -5.230855e-01 -1.040482e-01 6.000000e-01
      vertex -6.005217e-01 -2.487442e-01 4.500000e-01
    endloop
  endfacet
  facet normal 7.567344e-01 2.295529e-01 -6.120936e-01
    outer loop
      vertex -6.005217e-01 -2.487442e-01 4.500000e-01
      vertex -5.230855e-01 -1.040482e-01 6.000000e-01
      vertex -4.927358e-01 -2.040978e-01 6.000000e-01
    endloop
  endfacet
  facet normal 6.974104e-01 3.727736e-01 -6.120936e-01
    outer loop
      vertex -6.005217e-01 -2.487442e-01 4.500000e-01
      vertex -4.927358e-01 -2.040978e-01 6.000000e-01
      vertex -5.404552e-01 -3.611207e-01 4.500000e-01
    endloop
  endfacet
  facet normal 6.974104e-01 3.727736e-01 -6.120936e-01
    outer loop
      vertex -5.404552e-01 -3.611207e-01 4.500000e-01
      vertex -4.927358e-01 -2.040978e-01 6.000000e-01
      vertex -4.434505e-01 -2.963041e-01 6.000000e-01
    endloop
  endfacet
  facet normal 6.112853e-01 5.016689e-01 -6.120936e-01
    outer loop
      vertex -5.404552e-01 -3.611207e-01 4.500000e-01
      vertex -4.434505e-01 -2.963041e-01 6.000000e-01
      vertex -4.596194e-01 -4.596194e-01 4.500000e-01
    endloop
  endfacet
  facet normal 6.112853e-01 5.016689e-01 -6.120936e-01
    outer loop
      vertex -4.596194e-01 -4.596194e-01 4.500000e-01
      vertex -4.434505e-01 -2.963041e-01 6.000000e-01
      vertex -3.771236e-01 -3.771236e-01 6.000000e-01
    endloop
  endfacet
  facet normal 5.016689e-01 6.112853e-01 -6.120936e-01
    outer loop
      vertex -4.596194e-01 -4.596194e-01 4.500000e-01
      vertex -3.771236e-01 -3.771236e-01 6.000000e-01
      vertex -3.611207e-01 -5.404552e-01 4.500000e-01
    endloop
  endfacet
  facet normal 5.016689e-01 6.112853e-01 -6.120936e-01
    outer loop
      vertex -3.611207e-01 -5.404552e-01 4.500000e-01
      vertex -3.771236e-01 -3.771236e-01 6.000000e-01
      vertex -2.963041e-01 -4.434505e-01 6.000000e-01
    endloop
  endfacet
  facet normal 3.727736e-01 6.974104e-01 -6.120936e-01
    outer loop
      vertex -3.611207e-01 -5.404552e-01 4.500000e-01
      vertex -2.963041e-01 -4.434505e-01 6.000000e-01
      vertex -2.487442e-01 -6.005217e-01 4.500000e-01
    endloop
  endfacet
  facet normal 3.727736e-01 6.974104e-01 -6.120936e-01
    outer loop
      vertex -2.487442e-01 -6.005217e-01 4.500000e-01
      vertex -2.963041e-01 -4.434505e-01 6.000000e-01
      vertex -2.040978e-01 -4.927358e-01 6.000000e-01
    endloop
  endfacet
  facet normal 2.295529e-01 7.567344e-01 -6.120936e-01
    outer loop
      vertex -2.487442e-01 -6.005217e-01 4.500000e-01
      vertex -2.040978e-01 -4.927358e-01 6.000000e-01
      vertex -1.268087e-01 -6.375104e-01 4.500000e-01
    endloop
  endfacet
  facet normal 2.295529e-01 7.567344e-01 -6.120936e-01
    outer loop
      vertex -1.268087e-01 -6.375104e-01 4.500000e-01
      vertex -2.040978e-01 -4.927358e-01 6.000000e-01
      vertex -1.040482e-01 -5.230855e-01 6.000000e-01
    endloop
  endfacet
  facet normal 7.751052e-02 7.869775e-01 -6.120936e-01
    outer loop
      vertex -1.268087e-01 -6.375104e-01 4.500000e-01
      vertex -1.040482e-01 -5.230855e-01 6.000000e-01
      vertex -1.194031e-16 -6.500000e-01 4.500000e-01
    endloop
  endfacet
  facet normal 7.751052e-02 7.869775e-01 -6.120936e-01
    outer loop
      vertex -1.194031e-16 -6.500000e-01 4.500000e-01
      vertex -1.040482e-01 -5.230855e-01 6.000000e-01
      vertex -9.797174e-17 -5.333333e-01 6.000000e-01
    endloop
  endfacet
  facet normal -7.751052e-02 7.869775e-01 -6.120936e-01
    outer loop
      vertex -1.194031e-16 -6.500000e-01 4.500000e-01
      vertex -9.797174e-17 -5.333333e-01 6.000000e-01
      vertex 1.268087e-01 -6.375104e-01 4.500000e-01
    endloop
  endfacet
  facet normal -7.751052e-02 7.869775e-01 -6.120936e-01
    outer loop
      vertex 1.268087e-01 -6.375104e-01 4.500000e-01
      vertex -9.797174e-17 -5.333333e-01 6.000000e-01
      vertex 1.040482e-01 -5.230855e-01 6.000000e-01
    endloop
  endfacet
  facet normal -2.295529e-01 7.567344e-01 -6.120936e-01
    outer loop
      vertex 1.268087e-01 -6.375104e-01 4.500000e-01
      vertex 1.040482e-01 -5.230855e-01 6.000000e-01
      vertex 2.487442e-01 -6.005217e-01 4.500000e-01
    endloop
  endfacet
  facet normal -2.295529e-01 7.567344e-01 -6.120936e-01
    outer loop
      vertex 2.487442e-01 -6.005217e-01 4.500000e-01
      vertex 1.040482e-01 -5.230855e-01 6.000000e-01
      vertex 2.040978e-01 -4.927358e-01 6.000000e-01
    endloop
  endfacet
  facet normal -3.727736e-01 6.974104e-01 -6.120936e-01
    outer loop
      vertex 2.487442e-01 -6.005217e-01 4.500000e-01
      vertex 2.040978e-01 -4.927358e-01 6.000000e-01
      vertex 3.611207e-01 -5.404552e-01 4.500000e-01
    endloop
  endfacet
  facet normal -3.727736e-01 6.974104e-01 -6.120936e-01
    outer loop
      vertex 3.611207e-01 -5.404552e-01 4.500000e-01
      vertex 2.040978e-01 -4.927358e-01 6.000000e-01
      vertex 2.963041e-01 -4.434505e-01 6.000000e-01
    endloop
  endfacet
  facet normal -5.016689e-01 6.112853e-01 -6.120936e-01
    outer loop
      vertex 3.611207e-01 -5.404552e-01 4.500000e-01
      vertex 2.963041e-01 -4.434505e-01 6.000000e-01
      vertex 4.596194e-01 -4.596194e-01 4.500000e-01
    endloop
  endfacet
  facet normal -5.016689e-01 6.112853e-01 -6.120936e-01
    outer loop
      vertex 4.596194e-01 -4.596194e-01 4.500000e-01
      vertex 2.963041e-01 -4.434505e-01 6.000000e-01
      vertex 3.771236e-01 -3.771236e-01 6.000000e-01
    endloop
  endfacet
  facet normal -6.112853e-01 5.016689e-01 -6.120936e-01
    outer loop
      vertex 4.596194e-01 -4.596194e-01 4.500000e-01
      vertex 3.771236e-01 -3.771236e-01 6.000000e-01
      vertex 5.404552e-01 -3.611207e-01 4.500000e-01
    endloop
  endfacet
  facet normal -6.112853e-01 5.016689e-01 -6.120936e-01
    outer loop
      vertex 5.404552e-01 -3.611207e-01 4.500000e-01
      vertex 3.771236e-01 -3.771236e-01 6.000000e-01
      vertex 4.434505e-01 -2.963041e-01 6.000000e-01
    endloop
  endfacet
  facet normal -6.974104e-01 3.727736e-01 -6.120936e-01
    outer loop
      vertex 5.404552e-01 -3.611207e-01 4.500000e-01
      vertex 4.434505e-01 -2.963041e-01 6.000000e-01
      vertex 6.005217e-01 -2.487442e-01 4.500000e-01
    endloop
  endfacet
  facet normal -6.974104e-01 3.727736e-01 -6.120936e-01
    outer loop
      vertex 6.005217e-01 -2.487442e-01 4.500000e-01
      vertex 4.434505e-01 -2.963041e-01 6.000000e-01
      vertex 4.927358e-01 -2.040978e-01 6.000000e-01
    endloop
  endfacet
  facet normal -7.567344e-01 2.295529e-01 -6.120936e-01
    outer loop
      vertex 6.005217e-01 -2.487442e-01 4.500000e-01
      vertex 4.927358e-01 -2.040978e-01 6.000000e-01
      vertex 6.375104e-01 -1.268087e-01 4.500000e-01
    endloop
  endfacet
  facet normal -7.567344e-01 2.295529e-01 -6.120936e-01
    outer loop
      vertex 6.375104e-01 -1.268087e-01 4.500000e-01
      vertex 4.927358e-01 -2.040978e-01 6.000000e-01
      vertex 5.230855e-01 -1.040482e-01 6.000000e-01
    endloop
  endfacet
  facet normal -7.869775e-01 7.751052e-02 -6.120936e-01
    outer loop
      vertex 6.375104e-01 -1.268087e-01 4.500000e-01
      vertex 5.230855e-01 -1.040482e-01 6.000000e-01
      vertex 6.500000e-01 0.000000e+00 4.500000e-01
    endloop
  endfacet
  facet normal -7.869775e-01 7.751052e-02 -6.120936e-01
    outer loop
      vertex 6.500000e-01 0.000000e+00 4.500000e-01
      vertex 5.230855e-01 -1.040482e-01 6.000000e-01
      vertex 5.333333e-01 0.000000e+00 6.000000e-01
    endloop
  endfacet
  facet normal -7.869775e-01 -7.751052e-02 -6.120936e-01
    outer loop
      vertex 5.333333e-01 0.000000e+00 6.000000e-01
      vertex 4.166667e-01 0.000000e+00 7.500000e-01
      vertex 5.230855e-01 1.040482e-01 6.000000e-01
    endloop
  endfacet
  facet normal -7.869775e-01 -7.751052e-02 -6.120936e-01
    outer loop
      vertex 5.230855e-01 1.040482e-01 6.000000e-01
      vertex 4.166667e-01 0.000000e+00 7.500000e-01
      vertex 4.086605e-01 8.128763e-02 7.500000e-01
    endloop
  endfacet
  facet normal -7.567344e-01 -2.295529e-01 -6.120936e-01
    outer loop
      vertex 5.230855e-01 1.040482e-01 6.000000e-01
      vertex 4.086605e-01 8.128763e-02 7.500000e-01
      vertex 4.927358e-01 2.040978e-01 6.000000e-01
    endloop
  endfacet
  facet normal -7.567344e-01 -2.295529e-01 -6.120936e-01
    outer loop
      vertex 4.927358e-01 2.040978e-01 6.000000e-01
      vertex 4.086605e-01 8.128763e-02 7.500000e-01
      vertex 3.849498e-01 1.594514e-01 7.500000e-01
    endloop
  endfacet
  facet normal -6.974104e-01 -3.727736e-01 -6.120936e-01
    outer loop
      vertex 4.927358e-01 2.040978e-01 6.000000e-01
      vertex 3.849498e-01 1.594514e-01 7.500000e-01
      vertex 4.434505e-01 2.963041e-01 6.000000e-01
    endloop
  endfacet
  facet normal -6.974104e-01 -3.727736e-01 -6.120936e-01
    outer loop
      vertex 4.434505e-01 2.963041e-01 6.000000e-01
      vertex 3.849498e-01 1.594514e-01 7.500000e-01
      vertex 3.464457e-01 2.314876e-01 7.500000e-01
    endloop
  endfacet
  facet normal -6.112853e-01 -5.016689e-01 -6.120936e-01
    outer loop
      vertex 4.434505e-01 2.963041e-01 6.000000e-01
      vertex 3.464457e-01 2.314876e-01 7.500000e-01
      vertex 3.771236e-01 3.771236e-01 6.000000e-01
    endloop
  endfacet
  facet normal -6.112853e-01 -5.016689e-01 -6.120936e-01
    outer loop
      vertex 3.771236e-01 3.771236e-01 6.000000e-01
      vertex 3.464457e-01 2.314876e-01 7.500000e-01
      vertex 2.946278e-01 2.946278e-01 7.500000e-01
    endloop
  endfacet
  facet normal -5.016689e-01 -6.112853e-01 -6.120936e-01
    outer loop
      vertex 3.771236e-01 3.771236e-01 6.000000e-01
      vertex 2.946278e-01 2.946278e-01 7.500000e-01
      vertex 2.963041e-01 4.434505e-01 6.000000e-01
    endloop
  endfacet
  facet normal -5.016689e-01 -6.112853e-01 -6.120936e-01
    outer loop
      vertex 2.963041e-01 4.434505e-01 6.000000e-01
      vertex 2.946278e-01 2.946278e-01 7.500000e-01
      vertex 2.314876e-01 3.464457e-01 7.500000e-01
    endloop
  endfacet
  facet normal -3.727736e-01 -6.974104e-01 -6.120936e-01
    outer loop
      vertex 2.963041e-01 4.434505e-01 6.000000e-01
      vertex 2.314876e-01 3.464457e-01 7.500000e-01
      vertex 2.040978e-01 4.927358e-01 6.000000e-01
    endloop
  endfacet
  facet normal -3.727736e-01 -6.974104e-01 -6.120936e-01
    outer loop
      vertex 2.040978e-01 4.927358e-01 6.000000e-01
      vertex 2.314876e-01 3.464457e-01 7.500000e-01
      vertex 1.594514e-01 3.849498e-01 7.500000e-01
    endloop
  endfacet
  facet normal -2.295529e-01 -7.567344e-01 -6.120936e-01
    outer loop
      vertex 2.040978e-01 4.927358e-01 6.000000e-01
      vertex 1.594514e-01 3.849498e-01 7.500000e-01
      vertex 1.040482e-01 5.230855e-01 6.000000e-01
    endloop
  endfacet
  facet normal -2.295529e-01 -7.567344e-01 -6.120936e-01
    outer loop
      vertex 1.040482e-01 5.230855e-01 6.000000e-01
      vertex 1.594514e-01 3.849498e-01 7.500000e-01
      vertex 8.128763e-02 4.086605e-01 7.500000e-01
    endloop
  endfacet
  facet normal -7.751052e-02 -7.869775e-01 -6.120936e-01
    outer loop
      vertex 1.040482e-01 5.230855e-01 6.000000e-01
      vertex 8.128763e-02 4.086605e-01 7.500000e-01
      vertex 3.265725e-17 5.333333e-01 6.000000e-01
    endloop
  endfacet
  facet normal -7.751052e-02 -7.869775e-01 -6.120936e-01
    outer loop
      vertex 3.265725e-17 5.333333e-01 6.000000e-01
      vertex 8.128763e-02 4.086605e-01 7.500000e-01
      vertex 2.551347e-17 4.166667e-01 7.500000e-01
    endloop
  endfacet
  facet normal 7.751052e-02 -7.869775e-01 -6.120936e-01
    outer loop
      vertex 3.265725e-17 5.333333e-01 6.000000e-01
      vertex 2.551347e-17 4.166667e-01 7.500000e-01
      vertex -1.040482e-01 5.230855e-01 6.000000e-01
    endloop
  endfacet
  facet normal 7.751052e-02 -7.869775e-01 -6.120936e-01
    outer loop
      vertex -1.040482e-01 5.230855e-01 6.000000e-01
      vertex 2.551347e-17 4.166667e-01 7.500000e-01
      vertex -8.128763e-02 4.086605e-01 7.500000e-01
    endloop
  endfacet
  facet normal 2.295529e-01 -7.567344e-01 -6.120936e-01
    outer loop
      vertex -1.040482e-01 5.230855e-01 6.000000e-01
      vertex -8.128763e-02 4.086605e-01 7.500000e-01
      vertex -2.040978e-01 4.927358e-01 6.000000e-01
    endloop
  endfacet
  facet normal 2.295529e-01 -7.567344e-01 -6.120936e-01
    outer loop
      vertex -2.040978e-01 4.927358e-01 6.000000e-01
      vertex -8.128763e-02 4.086605e-01 7.500000e-01
      vertex -1.594514e-01 3.849498e-01 7.500000e-01
    endloop
  endfacet
  facet normal 3.727736e-01 -6.974104e-01 -6.120936e-01
    outer loop
      vertex -2.040978e-01 4.927358e-01 6.000000e-01
      vertex -1.594514e-01 3.849498e-01 7.500000e-01
      vertex -2.963041e-01 4.434505e-01 6.000000e-01
    endloop
  endfacet
  facet normal 3.727736e-01 -6.974104e-01 -6.120936e-01
    outer loop
      vertex -2.963041e-01 4.434505e-01 6.000000e-01
      vertex -1.594514e-01 3.849498e-01 7.500000e-01
      vertex -2.314876e-01 3.464457e-01 7.500000e-01
    endloop
  endfacet
  facet normal 5.016689e-01 -6.112853e-01 -6.120936e-01
    outer loop
      vertex -2.963041e-01 4.434505e-01 6.000000e-01
      vertex -2.314876e-01 3.464457e-01 7.500000e-01
      vertex -3.771236e-01 3.771236e-01 6.000000e-01
    endloop
  endfacet
  facet normal 5.016689e-01 -6.112853e-01 -6.120936e-01
    outer loop
      vertex -3.771236e-01 3.771236e-01 6.000000e-01
      vertex -2.314876e-01 3.464457e-01 7.500000e-01
      vertex -2.946278e-01 2.946278e-01 7.500000e-01
    endloop
  endfacet
  facet normal 6.112853e-01 -5.016689e-01 -6.120936e-01
    outer loop
      vertex -3.771236e-01 3.771236e-01 6.000000e-01
      vertex -2.946278e-01 2.946278e-01 7.500000e-01
      vertex -4.434505e-01 2.963041e-01 6.000000e-01
    endloop
  endfacet
  facet normal 6.112853e-01 -5.016689e-01 -6.120936e-01
    outer loop
      vertex -4.434505e-01 2.963041e-01 6.000000e-01
      vertex -2.946278e-01 2.946278e-01 7.500000e-01
      vertex -3.464457e-01 2.314876e-01 7.500000e-01
    endloop
  endfacet
  facet normal 6.974104e-01 -3.727736e-01 -6.120936e-01
    outer loop
      vertex -4.434505e-01 2.963041e-01 6.000000e-01
      vertex -3.464457e-01 2.314876e-01 7.500000e-01
      vertex -4.927358e-01 2.040978e-01 6.000000e-01
    endloop
  endfacet
  facet normal 6.974104e-01 -3.727736e-01 -6.120936e-01
    outer loop
      vertex -4.927358e-01 2.040978e-01 6.000000e-01
      vertex -3.464457e-01 2.314876e-01 7.500000e-01
      vertex -3.849498e-01 1.594514e-01 7.500000e-01
    endloop
  endfacet
  facet normal 7.567344e-01 -2.295529e-01 -6.120936e-01
    outer loop
      vertex -4.927358e-01 2.040978e-01 6.000000e-01
      vertex -3.849498e-01 1.594514e-01 7.500000e-01
      vertex -5.230855e-01 1.040482e-01 6.000000e-01
    endloop
  endfacet
  facet normal 7.567344e-01 -2.295529e-01 -6.120936e-01
    outer loop
      vertex -5.230855e-01 1.040482e-01 6.000000e-01
      vertex -3.849498e-01 1.594514e-01 7.500000e-01
      vertex -4.086605e-01 8.128763e-02 7.500000e-01
    endloop
  endfacet
  facet normal 7.869775e-01 -7.751052e-02 -6.120936e-01
    outer loop
      vertex -5.230855e-01 1.040482e-01 6.000000e-01
      vertex -4.086605e-01 8.128763e-02 7.500000e-01
      vertex -5.333333e-01 6.531450e-17 6.000000e-01
    endloop
  endfacet
  facet normal 7.869775e-01 -7.751052e-02 -6.120936e-01
    outer loop
      vertex -5.333333e-01 6.531450e-17 6.000000e-01
      vertex -4.086605e-01 8.128763e-02 7.500000e-01
      vertex -4.166667e-01 5.102695e-17 7.500000e-01
    endloop
  endfacet
  facet normal 7.869775e-01 7.751052e-02 -6.120936e-01
    outer loop
      vertex -5.333333e-01 6.531450e-17 6.000000e-01
      vertex -4.166667e-01 5.102695e-17 7.500000e-01
      vertex -5.230855e-01 -1.040482e-01 6.000000e-01
    endloop
  endfacet
  facet normal 7.869775e-01 7.751052e-02 -6.120936e-01
    outer loop
      vertex -5.230855e-01 -1.040482e-01 6.000000e-01
      vertex -4.166667e-01 5.102695e-17 7.500000e-01
      vertex -4.086605e-01 -8.128763e-02 7.500000e-01
    endloop
  endfacet
  facet normal 7.567344e-01 2.295529e-01 -6.120936e-01
    outer loop
      vertex -5.230855e-01 -1.040482e-01 6.000000e-01
      vertex -4.086605e-01 -8.128763e-02 7.500000e-01
      vertex -4.927358e-01 -2.040978e-01 6.000000e-01
    endloop
  endfacet
  facet normal 7.567344e-01 2.295529e-01 -6.120936e-01
    outer loop
      vertex -4.927358e-01 -2.040978e-01 6.000000e-01
      vertex -4.086605e-01 -8.128763e-02 7.500000e-01
      vertex -3.849498e-01 -1.594514e-01 7.500000e-01
    endloop
  endfacet
  facet normal 6.974104e-01 3.727736e-01 -6.120936e-01
    outer loop
      vertex -4.927358e-01 -2.040978e-01 6.000000e-01
      vertex -3.849498e-01 -1.594514e-01 7.500000e-01
      vertex -4.434505e-01 -2.963041e-01 6.000000e-01
    endloop
  endfacet
  facet normal 6.974104e-01 3.727736e-01 -6.120936e-01
    outer loop
      vertex -4.434505e-01 -2.963041e-01 6.000000e-01
      vertex -3.849498e-01 -1.594514e-01 7.500000e-01
      vertex -3.464457e-01 -2.314876e-01 7.500000e-01
    endloop
  endfacet
  facet normal 6.112853e-01 5.016689e-01 -6.120936e-01
    outer loop
      vertex -4.434505e-01 -2.963041e-01 6.000000e-01
      vertex -3.464457e-01 -2.314876e-01 7.500000e-01
      vertex -3.771236e-01 -3.771236e-01 6.000000e-01
    endloop
  endfacet
  facet normal 6.112853e-01 5.016689e-01 -6.120936e-01
    outer loop
      vertex -3.771236e-01 -3.771236e-01 6.000000e-01
      vertex -3.464457e-01 -2.314876e-01 7.500000e-01
      vertex -2.946278e-01 -2.946278e-01 7.500000e-01
    endloop
  endfacet
  facet normal 5.016689e-01 6.112853e-01 -6.120936e-01
    outer loop
      vertex -3.771236e-01 -3.771236e-01 6.000000e-01
      vertex -2.946278e-01 -2.946278e-01 7.500000e-01
      vertex -2.963041e-01 -4.434505e-01 6.000000e-01
    endloop
  endfacet
  facet normal 5.016689e-01 6.112853e-01 -6.120936e-01
    outer loop
      vertex -2.963041e-01 -4.434505e-01 6.000000e-01
      vertex -2.946278e-01 -2.946278e-01 7.500000e-01
      vertex -2.314876e-01 -3.464457e-01 7.500000e-01
    endloop
  endfacet
  facet normal 3.727736e-01 6.974104e-01 -6.120936e-01
    outer loop
      vertex -2.963041e-01 -4.434505e-01 6.000000e-01
      vertex -2.314876e-01 -3.464457e-01 7.500000e-01
      vertex -2.040978e-01 -4.927358e-01 6.000000e-01
    endloop
  endfacet
  facet normal 3.727736e-01 6.974104e-01 -6.120936e-01
    outer loop
      vertex -2.040978e-01 -4.927358e-01 6.000000e-01
      vertex -2.314876e-01 -3.464457e-01 7.500000e-01
      vertex -1.594514e-01 -3.849498e-01 7.500000e-01
    endloop
  endfacet
  facet normal 2.295529e-01 7.567344e-01 -6.120936e-01
    outer loop
      vertex -2.040978e-01 -4.927358e-01 6.000000e-01
      vertex -1.594514e-01 -3.849498e-01 7.500000e-01
      vertex -1.040482e-01 -5.230855e-01 6.000000e-01
    endloop
  endfacet
  facet normal 2.295529e-01 7.567344e-01 -6.120936e-01
    outer loop
      vertex -1.040482e-01 -5.230855e-01 6.000000e-01
      vertex -1.594514e-01 -3.849498e-01 7.500000e-01
      vertex -8.128763e-02 -4.086605e-01 7.500000e-01
    endloop
  endfacet
  facet normal 7.751052e-02 7.869775e-01 -6.120936e-01
    outer loop
      vertex -1.040482e-01 -5.230855e-01 6.000000e-01
      vertex -8.128763e-02 -4.086605e-01 7.500000e-01
      vertex -9.797174e-17 -5.333333e-01 6.000000e-01
    endloop
  endfacet
  facet normal 7.751052e-02 7.869775e-01 -6.120936e-01
    outer loop
      vertex -9.797174e-17 -5.333333e-01 6.000000e-01
      vertex -8.128763e-02 -4.086605e-01 7.500000e-01
      vertex -7.654042e-17 -4.166667e-01 7.500000e-01
    endloop
  endfacet
  facet normal -7.751052e-02 7.869775e-01 -6.120936e-01
    outer loop
      vertex -9.797174e-17 -5.333333e-01 6.000000e-01
      vertex -7.654042e-17 -4.166667e-01 7.500000e-01
      vertex 1.040482e-01 -5.230855e-01 6.000000e-01
    endloop
  endfacet
  facet normal -7.751052e-02 7.869775e-01 -6.120936e-01
    outer loop
      vertex 1.040482e-01 -5.230855e-01 6.000000e-01
      vertex -7.654042e-17 -4.166667e-01 7.500000e-01
      vertex 8.128763e-02 -4.086605e-01 7.500000e-01
    endloop
  endfacet
  facet normal -2.295529e-01 7.567344e-01 -6.120936e-01
    outer loop
      vertex 1.040482e-01 -5.230855e-01 6.000000e-01
      vertex 8.128763e-02 -4.086605e-01 7.500000e-01
      vertex 2.040978e-01 -4.927358e-01 6.000000e-01
    endloop
  endfacet
  facet normal -2.295529e-01 7.567344e-01 -6.120936e-01
    outer loop
      vertex 2.040978e-01 -4.927358e-01 6.000000e-01
      vertex 8.128763e-02 -4.086605e-01 7.500000e-01
      vertex 1.594514e-01 -3.849498e-01 7.500000e-01
    endloop
  endfacet
  facet normal -3.727736e-01 6.974104e-01 -6.120936e-01
    outer loop
      vertex 2.040978e-01 -4.927358e-01 6.000000e-01
      vertex 1.594514e-01 -3.849498e-01 7.500000e-01
      vertex 2.963041e-01 -4.434505e-01 6.000000e-01
    endloop
  endfacet
  facet normal -3.727736e-01 6.974104e-01 -6.120936e-01
    outer loop
      vertex 2.963041e-01 -4.434505e-01 6.000000e-01
      vertex 1.594514e-01 -3.849498e-01 7.500000e-01
      vertex 2.314876e-01 -3.464457e-01 7.500000e-01
    endloop
  endfacet
  facet normal -5.016689e-01 6.112853e-01 -6.120936e-01
    outer loop
      vertex 2.963041e-01 -4.434505e-01 6.000000e-01
      vertex 2.314876e-01 -3.464457e-01 7.500000e-01
      vertex 3.771236e-01 -3.771236e-01 6.000000e-01
    endloop
  endfacet
  facet normal -5.016689e-01 6.112853e-01 -6.120936e-01
    outer loop
      vertex 3.771236e-01 -3.771236e-01 6.000000e-01
      vertex 2.314876e-01 -3.464457e-01 7.500000e-01
      vertex 2.946278e-01 -2.946278e-01 7.500000e-01
    endloop
  endfacet
  facet normal -6.112853e-01 5.016689e-01 -6.120936e-01
    outer loop
      vertex 3.771236e-01 -3.771236e-01 6.000000e-01
      vertex 2.946278e-01 -2.946278e-01 7.500000e-01
      vertex 4.434505e-01 -2.963041e-01 6.000000e-01
    endloop
  endfacet
  facet normal -6.112853e-01 5.016689e-01 -6.120936e-01
    outer loop
      vertex 4.434505e-01 -2.963041e-01 6.000000e-01
      vertex 2.946278e-01 -2.946278e-01 7.500000e-01
      vertex 3.464457e-01 -2.314876e-01 7.500000e-01
    endloop
  endfacet
  facet normal -6.974104e-01 3.727736e-01 -6.120936e-01
    outer loop
      vertex 4.434505e-01 -2.963041e-01 6.000000e-01
      vertex 3.464457e-01 -2.314876e-01 7.500000e-01
      vertex 4.927358e-01 -2.040978e-01 6.000000e-01
    endloop
  endfacet
  facet normal -6.974104e-01 3.727736e-01 -6.120936e-01
    outer loop
      vertex 4.927358e-01 -2.040978e-01 6.000000e-01
      vertex 3.464457e-01 -2.314876e-01 7.500000e-01
      vertex 3.849498e-01 -1.594514e-01 7.500000e-01
    endloop
  endfacet
  facet normal -7.567344e-01 2.295529e-01 -6.120936e-01
    outer loop
      vertex 4.927358e-01 -2.040978e-01 6.000000e-01
      vertex 3.849498e-01 -1.594514e-01 7.500000e-01
      vertex 5.230855e-01 -1.040482e-01 6.000000e-01
    endloop
  endfacet
  facet normal -7.567344e-01 2.295529e-01 -6.120936e-01
    outer loop
      vertex 5.230855e-01 -1.040482e-01 6.000000e-01
      vertex 3.849498e-01 -1.594514e-01 7.500000e-01
      vertex 4.086605e-01 -8.128763e-02 7.500000e-01
    endloop
  endfacet
  facet normal -7.869775e-01 7.751052e-02 -6.120936e-01
    outer loop
      vertex 5.230855e-01 -1.040482e-01 6.000000e-01
      vertex 4.086605e-01 -8.128763e-02 7.500000e-01
      vertex 5.333333e-01 0.000000e+00 6.000000e-01
    endloop
  endfacet
  facet normal -7.869775e-01 7.751052e-02 -6.120936e-01
    outer loop
      vertex 5.333333e-01 0.000000e+00 6.000000e-01
      vertex 4.086605e-01 -8.128763e-02 7.500000e-01
      vertex 4.166667e-01 0.000000e+00 7.500000e-01
    endloop
  endfacet
  facet normal -3.385311e-01 -3.334241e-02 -9.403643e-01
    outer loop
      vertex 4.166667e-01 0.000000e+00 7.500000e-01
      vertex 0.000000e+00 0.000000e+00 9.000000e-01
      vertex 4.086605e-01 8.128763e-02 7.500000e-01
    endloop
  endfacet
  facet normal -3.255216e-01 -9.874589e-02 -9.403643e-01
    outer loop
      vertex 4.086605e-01 8.128763e-02 7.500000e-01
      vertex 0.000000e+00 0.000000e+00 9.000000e-01
      vertex 3.849498e-01 1.594514e-01 7.500000e-01
    endloop
  endfacet
  facet normal -3.000024e-01 -1.603546e-01 -9.403643e-01
    outer loop
      vertex 3.849498e-01 1.594514e-01 7.500000e-01
      vertex 0.000000e+00 0.000000e+00 9.000000e-01
      vertex 3.464457e-01 2.314876e-01 7.500000e-01
    endloop
  endfacet
  facet normal -2.629543e-01 -2.158010e-01 -9.403643e-01
    outer loop
      vertex 3.464457e-01 2.314876e-01 7.500000e-01
      vertex 0.000000e+00 0.000000e+00 9.000000e-01
      vertex 2.946278e-01 2.946278e-01 7.500000e-01
    endloop
  endfacet
  facet normal -2.158010e-01 -2.629543e-01 -9.403643e-01
    outer loop
      vertex 2.946278e-01 2.946278e-01 7.500000e-01
      vertex 0.000000e+00 0.000000e+00 9.000000e-01
      vertex 2.314876e-01 3.464457e-01 7.500000e-01
    endloop
  endfacet
  facet normal -1.603546e-01 -3.000024e-01 -9.403643e-01
    outer loop
      vertex 2.314876e-01 3.464457e-01 7.500000e-01
      vertex 0.000000e+00 0.000000e+00 9.000000e-01
      vertex 1.594514e-01 3.849498e-01 7.500000e-01
    endloop
  endfacet
  facet normal -9.874589e-02 -3.255216e-01 -9.403643e-01
    outer loop
      vertex 1.594514e-01 3.849498e-01 7.500000e-01
      vertex 0.000000e+00 0.000000e+00 9.000000e-01
      vertex 8.128763e-02 4.086605e-01 7.500000e-01
    endloop
  endfacet
  facet normal -3.334241e-02 -3.385311e-01 -9.403643e-01
    outer loop
      vertex 8.128763e-02 4.086605e-01 7.500000e-01
      vertex 0.000000e+00 0.000000e+00 9.000000e-01
      vertex 2.551347e-17 4.166667e-01 7.500000e-01
    endloop
  endfacet
  facet normal 3.334241e-02 -3.385311e-01 -9.403643e-01
    outer loop
      vertex 2.551347e-17 4.166667e-01 7.500000e-01
      vertex 0.000000e+00 0.000000e+00 9.000000e-01
      vertex -8.128763e-02 4.086605e-01 7.500000e-01
    endloop
  endfacet
  facet normal 9.874589e-02 -3.255216e-01 -9.403643e-01
    outer loop
      vertex -8.128763e-02 4.086605e-01 7.500000e-01
      vertex 0.000000e+00 0.000000e+00 9.000000e-01
      vertex -1.594514e-01 3.849498e-01 7.500000e-01
    endloop
  endfacet
  facet normal 1.603546e-01 -3.000024e-01 -9.403643e-01
    outer loop
      vertex -1.594514e-01 3.849498e-01 7.500000e-01
      vertex 0.000000e+00 0.000000e+00 9.000000e-01
      vertex -2.314876e-01 3.464457e-01 7.500000e-01
    endloop
  endfacet
  facet normal 2.158010e-01 -2.629543e-01 -9.403643e-01
    outer loop
      vertex -2.314876e-01 3.464457e-01 7.500000e-01
      vertex 0.000000e+00 0.000000e+00 9.000000e-01
      vertex -2.946278e-01 2.946278e-01 7.500000e-01
    endloop
  endfacet
  facet normal 2.629543e-01 -2.158010e-01 -9.403643e-01
    outer loop
      vertex -2.946278e-01 2.946278e-01 7.500000e-01
      vertex 0.000000e+00 0.000000e+00 9.000000e-01
      vertex -3.464457e-01 2.314876e-01 7.500000e-01
    endloop
  endfacet
  facet normal 3.000024e-01 -1.603546e-01 -9.403643e-01
    outer loop
      vertex -3.464457e-01 2.314876e-01 7.500000e-01
      vertex 0.000000e+00 0.000000e+00 9.000000e-01
      vertex -3.849498e-01 1.594514e-01 7.500000e-01
    endloop
  endfacet
  facet normal 3.255216e-01 -9.874589e-02 -9.403643e-01
    outer loop
      vertex -3.849498e-01 1.594514e-01 7.500000e-01
      vertex 0.000000e+00 0.000000e+00 9.000000e-01
      vertex -4.086605e-01 8.128763e-02 7.500000e-01
    endloop
  endfacet
  facet normal 3.385311e-01 -3.334241e-02 -9.403643e-01
    outer loop
      vertex -4.086605e-01 8.128763e-02 7.500000e-01
      vertex 0.000000e+00 0.000000e+00 9.000000e-01
      vertex -4.166667e-01 5.102695e-17 7.500000e-01
    endloop
  endfacet
  facet normal 3.385311e-01 3.334241e-02 -9.403643e-01
    outer loop
      vertex -4.166667e-01 5.102695e-17 7.500000e-01
      vertex 0.000000e+00 0.000000e+00 9.000000e-01
      vertex -4.086605e-01 -8.128763e-02 7.500000e-01
    endloop
  endfacet
  facet normal 3.255216e-01 9.874589e-02 -9.403643e-01
    outer loop
      vertex -4.086605e-01 -8.128763e-02 7.500000e-01
      vertex 0.000000e+00 0.000000e+00 9.000000e-01
      vertex -3.849498e-01 -1.594514e-01 7.500000e-01
    endloop
  endfacet
  facet normal 3.000024e-01 1.603546e-01 -9.403643e-01
    outer loop
      vertex -3.849498e-01 -1.594514e-01 7.500000e-01
      vertex 0.000000e+00 0.000000e+00 9.000000e-01
      vertex -3.464457e-01 -2.314876e-01 7.500000e-01
    endloop
  endfacet
  facet normal 2.629543e-01 2.158010e-01 -9.403643e-01
    outer loop
      vertex -3.464457e-01 -2.314876e-01 7.500000e-01
      vertex 0.000000e+00 0.000000e+00 9.000000e-01
      vertex -2.946278e-01 -2.946278e-01 7.500000e-01
    endloop
  endfacet
  facet normal 2.158010e-01 2.629543e-01 -9.403643e-01
    outer loop
      vertex -2.946278e-01 -2.946278e-01 7.500000e-01
      vertex 0.000000e+00 0.000000e+00 9.000000e-01
      vertex -2.314876e-01 -3.464457e-01 7.500000e-01
    endloop
  endfacet
  facet normal 1.603546e-01 3.000024e-01 -9.403643e-01
    outer loop
      vertex -2.314876e-01 -3.464457e-01 7.500000e-01
      vertex 0.000000e+00 0.000000e+00 9.000000e-01
      vertex -1.594514e-01 -3.849498e-01 7.500000e-01
    endloop
  endfacet
  facet normal 9.874589e-02 3.255216e-01 -9.403643e-01
    outer loop
      vertex -1.594514e-01 -3.849498e-01 7.500000e-01
      vertex 0.000000e+00 0.000000e+00 9.000000e-01
      vertex -8.128763e-02 -4.086605e-01 7.500000e-01
    endloop
  endfacet
  facet normal 3.334241e-02 3.385311e-01 -9.403643e-01
    outer loop
      vertex -8.128763e-02 -4.086605e-01 7.500000e-01
      vertex 0.000000e+00 0.000000e+00 9.000000e-01
      vertex -7.654042e-17 -4.166667e-01 7.500000e-01
    endloop
  endfacet
  facet normal -3.334241e-02 3.385311e-01 -9.403643e-01
    outer loop
      vertex -7.654042e-17 -4.166667e-01 7.500000e-01
      vertex 0.000000e+00 0.000000e+00 9.000000e-01
      vertex 8.128763e-02 -4.086605e-01 7.500000e-01
    endloop
  endfacet
  facet normal -9.874589e-02 3.255216e-01 -9.403643e-01
    outer loop
      vertex 8.128763e-02 -4.086605e-01 7.500000e-01
      vertex 0.000000e+00 0.000000e+00 9.000000e-01
      vertex 1.594514e-01 -3.849498e-01 7.500000e-01
    endloop
  endfacet
  facet normal -1.603546e-01 3.000024e-01 -9.403643e-01
    outer loop
      vertex 1.594514e-01 -3.849498e-01 7.500000e-01
      vertex 0.000000e+00 0.000000e+00 9.000000e-01
      vertex 2.314876e-01 -3.464457e-01 7.500000e-01
    endloop
  endfacet
  facet normal -2.158010e-01 2.629543e-01 -9.403643e-01
    outer loop
      vertex 2.314876e-01 -3.464457e-01 7.500000e-01
      vertex 0.000000e+00 0.000000e+00 9.000000e-01
      vertex 2.946278e-01 -2.946278e-01 7.500000e-01
    endloop
  endfacet
  facet normal -2.629543e-01 2.158010e-01 -9.403643e-01
    outer loop
      vertex 2.946278e-01 -2.946278e-01 7.500000e-01
      vertex 0.000000e+00 0.000000e+00 9.000000e-01
      vertex 3.464457e-01 -2.314876e-01 7.500000e-01
    endloop
  endfacet
  facet normal -3.000024e-01 1.603546e-01 -9.403643e-01
    outer loop
      vertex 3.464457e-01 -2.314876e-01 7.500000e-01
      vertex 0.000000e+00 0.000000e+00 9.000000e-01
      vertex 3.849498e-01 -1.594514e-01 7.500000e-01
    endloop
  endfacet
  facet normal -3.255216e-01 9.874589e-02 -9.403643e-01
    outer loop
      vertex 3.849498e-01 -1.594514e-01 7.500000e-01
      vertex 0.000000e+00 0.000000e+00 9.000000e-01
      vertex 4.086605e-01 -8.128763e-02 7.500000e-01
    endloop
  endfacet
  facet normal -3.385311e-01 3.334241e-02 -9.403643e-01
    outer loop
      vertex 4.086605e-01 -8.128763e-02 7.500000e-01
      vertex 0.000000e+00 0.000000e+00 9.000000e-01
      vertex 4.166667e-01 0.000000e+00 7.500000e-01
    endloop
  endfacet
endsolid capsule
