sys.exec.out.time {s},crewModule.dyn.position[0] {m},crewModule.dyn.position[1] {m},crewModule.dyn.position[2] {m},crewModule.dyn.center_of_buoyancy[0] {1},crewModule.dyn.center_of_buoyancy[1] {1},crewModule.dyn.center_of_buoyancy[2] {1},crewModule.dyn.R[0][0] {--},crewModule.dyn.R[0][1] {--},crewModule.dyn.R[0][2] {--},crewModule.dyn.R[1][0] {--},crewModule.dyn.R[1][1] {--},crewModule.dyn.R[1][2] {--},crewModule.dyn.R[2][0] {--},crewModule.dyn.R[2][1] {--},crewModule.dyn.R[2][2] {--}
0,0,0,3,0,0,3,1,0,0,0,-0.5,  0.8660254037844387,0,-0.866025404,-0.5
0.1,0,0,   2.951125806451613,0,0,2.95095,1,0,0,0,-0.5,  0.8660254037844388,0,-0.866025404,-0.5
0.2,0,0,   2.805722569269615,0,0,   2.805552393340271,1,0,0,0,-0.5,  0.8660254037844388,0,-0.866025404,-0.5
0.3,0,0,2.565855054,0,0,2.565688525,1,0,0,0,-0.5,  0.8660254037844388,0,-0.866025404,-0.5
0.4,0,0,   2.233543868672492,0,0,   2.233380901933867,1,0,0,0,-0.5,  0.8660254037844388,0,-0.866025404,-0.5
0.5,0,0,   1.810856499201351,3.183917932615815e-16,  0.3355279503105596,-0.130748614,1,-2.23E-24,4.903912007417505e-20,-4.25E-20,-0.500052591,  0.8659950382157994,2.452020482534007e-20,-0.865995038,-0.500052591
0.6,0,0,   1.313419858139043,3.128146231235056e-17,0.042357274,-0.32089226,1,-1.72E-20,3.009810712910249e-17,-2.61E-17,-0.501133964,0.865369719,1.506832331405788e-17,-0.865369719,-0.501133964
0.7,0,0,  0.7865762170366847,1.082002529513549e-15,-0.11137158,-0.497161639,1,-1.09E-19,1.782162520534039e-16,-1.54E-16,-0.502535684,  0.8645564676988514,8.946588917680359e-17,-0.864556468,-0.502535684
0.8,0,0,  0.2956404979853315,-6.60E-18,-0.191955401,-0.769625413,1,1.754897878761351e-18,4.336063460818513e-16,-3.75E-16,-0.497959101,  0.8672005154302593,2.174400745271267e-16,-0.867200515,-0.497959101
0.9,0,0,-0.096734249,-0.000121951,-0.256252345,-0.957338086,  0.9999999999890232,-4.38E-08,-4.69E-06,4.096532168442804e-06,-0.477174732,  0.8788084402656191,-2.27E-06,-0.87880844,-0.477174732
1,0,0,-0.34523492,-0.000214045,-0.309475591,-1.060495775,  0.9999999996694047,-7.84E-07,-2.57E-05,2.287276639722127e-05,-0.429547021,  0.9030444928708407,-1.17E-05,-0.903044493,-0.429547021
1.1,0,0,-0.426664825,-0.000209155,-0.355928727,-1.087354338,  0.9999999974167894,-5.22E-06,-7.17E-05,6.549264764121559e-05,-0.344791934,  0.9386791346011021,-2.96E-05,-0.938679137,-0.344791933
1.2,0,0,-0.340524833,-0.000356506,-0.398956567,-1.035973617,  0.9999999899095015,-1.98E-05,-0.000140671,0.000133156,-0.214300112,  0.9767678558874106,-4.95E-05,-0.976767865,-0.214300107
1.3,0,0,-0.108864971,-0.000533908,-0.430658658,-0.897629296,  0.9999999714808859,-5.34E-05,-0.000232791,0.000230764,-0.035275477,  0.9993776000280866,-6.15E-05,-0.999377625,-0.035275464
1.4,0,0,  0.2257598076694451,-0.000223231,-0.459691941,-0.780164623,  0.9999999335831137,-0.000117329,-0.000345062,0.000360736,  0.1835679185127989,  0.9830069629255784,-5.20E-05,-0.983007022,0.183567949
1.5,0,0,  0.6005909211135451,4.493643739492979e-17,-0.568665684,-0.564101689,  0.9999998787610433,-0.00021584,-0.000442596,0.000492306,  0.4188748439635395,  0.9080438440507254,-1.06E-05,-0.908043952,  0.4188748994514747
1.6,0,0,  0.9603856513163694,-0.000359712,-0.881942446,-0.382104961,  0.9999998139994009,-0.000343139,-0.000504239,0.000606786,  0.6434007099314595,  0.7655293320645274,6.174419688517166e-05,-0.765529496,  0.6434007984859087
1.7,0,0,   1.260649243211942,0.000965665,-1.42639485,-0.140292598,  0.9999997449564312,-0.000487187,-0.000522241,0.000695913,  0.8290954993012616,  0.5591065808201661,0.000160598,-0.559106802,  0.8290956269020858
1.8,0,0,1.468177745,0,0,   1.466396573419714,  0.9999996792278741,-0.000629546,-0.000495193,0.000752066,  0.9507091262303342,  0.3100832012173531,0.000275573,-0.310083474,  0.9507092947409974
1.9,0,0,   1.573827411413029,0,0,   1.573641757932848,  0.9999996209409002,-0.000755856,-0.000432203,0.000774355,0.999007433,0.044537046,0.00039811,-0.044537364,  0.9990076399747631
2,0,0,   1.579642756424825,0,0,   1.579466739120134,  0.9999995736813853,-0.000858268,-0.000340606,0.000763798,  0.9761260887394321,-0.217203305,0.000518893,  0.2172029517696896,  0.9761263281330061
2.1,0,0,   1.487759232223278,0,0,   1.487587001139401,  0.9999995397995824,-0.00093169,-0.000228811,0.000723641,  0.8891034007869708,-0.457705822,0.000629876,  0.4577054453059854,  0.8891036658096508
2.2,0,0,   1.301821774264295,0.002445415,   1.271353711790428,-0.238612385,  0.9999995203972386,-0.000973539,-0.000106893,0.000658647,  0.7492651119057325,-0.662269853,0.000724837,  0.6622694650229674,  0.7492653937435562
2.3,0,0,   1.037784957541451,0.00128667,  0.8143849716933348,-0.398986518,0.999999516,-0.000983958,2.467169179278719e-05,0.00058689,0.575960757,-0.817477132,0.000790153,  0.8174767508167458,  0.5759610555271298
2.4,0,0,  0.7266604595404216,0.000448619,  0.5592177204541797,-0.566317602,  0.9999995222165377,-0.000964799,0.000157256,0.000524076,  0.3933415857072236,-0.919392257,0.000825174,  0.9193919001796744,  0.3933419033554427
2.5,0,0,  0.4052037103917249,0.000237313,0.448776926,-0.717973241,  0.9999995343161791,-0.000926027,0.000271739,0.000469554,  0.2208637130569911,-0.975304568,0.000843141,  0.9753042411111588,  0.2208640449720356
2.6,0,0,  0.1153741596603711,2.608412129127567e-05,  0.4380045647213131,-0.827478566,  0.9999995434304552,-0.000878625,0.000375708,0.000439648,0.073943635,-0.997262325,0.000848439,  0.9972620351932807,0.073943988
2.7,0,0,-0.099066723,-7.65E-05,  0.4198011146322921,-0.934210723,  0.9999995501887404,-0.000833646,0.000452389,0.000423789,-0.033993522,-0.999421963,0.000848543,  0.9994217055483791,-0.033993153
2.8,0,0,-0.207321773,-0.000473395,  0.4230496118158806,-0.941111421,  0.9999995747860309,-0.000804712,0.000450407,0.00037056,-0.096605907,-0.995322642,0.00084446,  0.9953223855276789,-0.096605568
2.9,0,0,-0.190375801,-9.96E-06,  0.4087965730224776,-0.980575809,  0.9999996126560651,-0.000798215,0.000370865,0.000279575,-0.111472223,-0.993767511,0.000834581,  0.9937672294754746,-0.111471957
3,0,0,-0.053779935,-5.89E-05,  0.4057384508323975,-0.899694153,  0.9999996459914371,-0.000807071,0.00023802,0.0001715,-0.081442434,-0.996678033,0.000823775,  0.9966777205211623,-0.081442267
3.1,0,0,  0.1828290399147562,-0.000347859,0.400955031,-0.775576732,  0.9999996632170454,-0.0008174,7.364575244721076e-05,6.429318563535335e-05,-0.011435988,-0.999934605,0.000818188,  0.9999342728529322,-0.011435932
3.2,0,0,  0.4829385403235037,0.000449305,  0.4002797558494794,-0.652625011,  0.9999996621594569,-0.000815712,-0.000101465,-2.77E-05,0.08989916,-0.995950872,0.000821531,  0.9959505387660649,0.089899107
3.3,0,0,  0.8022780476927718,0.000299513,  0.4106826407088034,-0.526779068,  0.9999996504040898,-0.00079285,-0.000265669,-9.19E-05,  0.2115341112313718,-0.977370611,0.000831107,  0.9773702937852741,  0.2115339643295057
3.4,0,0,   1.099151540205869,0.001995163,  0.5188230552196761,-0.414878564,  0.9999996303418641,-0.000745565,-0.000428309,-0.00014686,  0.3427078204068892,-0.93944203,0.0008472,  0.9394417459131482,0.342707584
3.5,0,0,   1.343484708342491,0.001291585,  0.7264579256360486,-0.341437645,  0.9999996124507664,-0.000672288,-0.000568442,-0.000180005,  0.4758979884613198,-0.879500467,0.000861798,  0.8795002288838846,  0.4758976829673838
3.6,0,0,   1.512800255862089,3.522456659589794e-16,   1.019840566873355,-0.257848062,  0.9999995996038666,-0.000576592,-0.000684349,-0.000197511,  0.6036740129452022,-0.797231238,0.000872801,0.797231054,  0.6036736573144242
3.7,0,0,   1.594659516798566,0.001292407,   1.309693053311793,-0.103670941,  0.9999995855266501,-0.00046282,-0.000784056,-0.000211724,  0.7193419446654611,-0.694656118,0.000885505,  0.6946559957579123,0.719341548
3.8,0,0,   1.583556260690769,9.618422130192825e-16,   1.680000000000001,-0.038485303,  0.9999995715794499,-0.000335125,-0.000862863,-0.000222597,  0.8177472000825053,-0.575577508,0.000898494,  0.5755774530404014,  0.8177467751184625
3.9,0,0,   1.476561265704859,0,0,   1.476140305766315,  0.9999995580442511,-0.000199795,-0.000918691,-0.000230354,  0.8953060839637307,-0.445451415,0.000911509,  0.4454514295625413,  0.8953056422342884
4,0,0,1.274283117,0,0,1.27411424,  0.9999995442067883,-6.14E-05,-0.000952791,-0.000235932,  0.9510768940462196,-0.308954181,0.000925161,  0.3089542649587306,0.951076446
4.1,0,0,  0.9787572571918075,0,0,  0.9785928696606518,  0.9999995303990101,7.661311199100883e-05,-0.000966091,-0.000239376,  0.9855087067372612,-0.169624679,0.000939096,  0.1696248303624267,  0.9855082622734197
4.2,0,0,  0.5931946295482746,0.005413732,  0.1578345070422637,-0.076182736,  0.9999995181265462,0.000211744,-0.000958599,-0.000240715,0.999540108,-0.030323499,0.000951737,0.030323715,  0.9995396773148975
4.3,0,0,  0.1477852395828296,0.000291758,-0.29589455,-0.28041446,  0.9999995676857011,0.000336972,-0.000866648,-0.000244299,  0.9944941616392878,  0.1047917113907762,0.000897188,-0.104791454,  0.9944938140307333
4.4,0,0,-0.283843854,0.000781723,-0.249303115,-0.537584849,0.999999662,0.000430113,-0.000701249,-0.000264574,  0.9752941520121601,0.220910043,0.00077894,-0.220909783,  0.9752939358013768
4.5,0,0,-0.627385826,0.000102977,-0.18458921,-0.716252897,  0.9999997657762895,0.000486135,-0.000481789,-0.000312534,  0.9505848711171617,  0.3104646600167205,0.000608909,-0.310464437,0.9505848
4.6,0,0,-0.826604879,-1.61E-05,-0.181209999,-0.844106861,  0.9999998365754621,0.000511686,-0.000255004,-0.000379126,  0.9273812706577439,0.374117408,0.000427916,-0.37411725,  0.9273813130967514
4.7,0,0,-0.856851673,-0.00021441,-0.210303815,-0.890321697,  0.9999998643097604,0.000518373,-5.17E-05,-0.000451034,  0.9111703704291393,  0.4120295530898688,0.00026067,-0.412029474,  0.9111704805963663
4.8,0,0,-0.720871265,-0.000391415,-0.248638651,-0.805114495,0.99999986,0.000518371,0.000101697,-0.000512728,  0.9061245779392321,0.423010622,0.000127126,-0.423010615,  0.9061247172979217
4.9,0,0,-0.440574338,-0.000274725,-0.351405325,-0.678771434,  0.9999998474884193,0.000521479,0.000181888,-0.00055046,  0.9143040242249021,  0.4050282067613615,4.491306879250844e-05,-0.405028245,  0.9143041718403091
5,0,0,-0.063527646,-0.000404355,-0.525863142,-0.508969828,  0.9999998378297255,0.000532265,0.000202569,-0.000569509,  0.9350631666439043,  0.3544806765365547,-7.37E-07,-0.354480734,  0.9350633181384955
5.1,0,0,  0.3457910464385787,3.164329678438764e-15,-0.759077853,-0.288293446,  0.9999998336449878,0.000549327,0.000175924,-0.000576432,  0.9627705053838457,  0.2703194807666578,-2.09E-05,-0.270319537,0.962770662
5.2,0,0,  0.7201194155174022,2.39794264274947e-16,-0.840427928,-0.114340908,0.999999832,0.000566295,0.000125432,-0.000579106,  0.9869351939781051,  0.1611166891400032,-3.26E-05,-0.161116735,  0.9869353559111173
5.3,0,0,   1.005083439430861,0,0,   1.003513231565549,  0.9999998307713296,0.000577605,6.94930588334143e-05,-0.000580186,0.99894623,0.045892178,-4.29E-05,-0.045892211,  0.9989463965349381
5.4,0,0,   1.186754782854053,0,0,1.186567474,  0.9999998303470202,0.000582329,1.408757383985125e-05,-0.000580079,  0.9977554799871819,-0.06696018,-5.30E-05,0.06696016,  0.9977556485112016
5.5,0,0,1.266965684,0,0,   1.266786804361149,  0.9999998304751334,0.000580903,-4.00E-05,-0.000578879,  0.9843913547653371,-0.175992402,-6.28E-05,  0.1759923953326062,  0.9843915241566702
5.6,0,0,   1.247886381276377,0,0,   1.247711344886085,  0.9999998311110068,0.000573824,-9.22E-05,-0.000576686,  0.9599750212780039,-0.280085033,-7.22E-05,  0.2800850393158833,  0.9599751900611307
5.7,0,0,   1.131640710500815,1.158868925873656e-15,   1.671226415094339,-0.068530582,  0.9999998322072405,0.000561619,-0.000142019,-0.000573604,0.925669189,-0.378333481,-8.10E-05,  0.3783334989591076,  0.9256693561919558
5.8,0,0,  0.9245421761516733,4.20878481717642e-15,   1.299525566684312,-0.206774617,0.999999834,0.000545437,-0.00018729,-0.000569748,  0.8841334855582256,-0.467234047,-8.93E-05,  0.4672340764679649,  0.8841336492917544
5.9,0,0,  0.6466538922020252,-0.000422535,   1.000804828973847,-0.341619513,  0.9999998351054484,0.000528626,-0.000224373,-0.000566322,  0.8429815811890771,-0.537942128,-9.52E-05,  0.5379421663435148,  0.8429817415520349
6,0,0,  0.3326474268323867,-0.00010781,  0.8046837565883258,-0.487251226,0.999999835,0.000516014,-0.000252083,-0.000566355,  0.8133463259604331,-0.58177954,-9.52E-05,  0.5817795869366025,  0.8133464840728977
6.1,0,0,0.021794061,-0.000192436,  0.6629936412316556,-0.618618764,  0.9999998310419995,0.000512205,-0.000274886,-0.000575354,  0.8046164438161905,-0.593794617,-8.30E-05,  0.5937946749398302,  0.8046166025613146
6.2,0,0,-0.246657124,-0.000411184,  0.5365953947369513,-0.68903353,  0.9999998161980099,0.000520568,-0.000310826,-0.000604855,  0.8211204564368627,-0.570754615,-4.19E-05,  0.5707546977729642,  0.8211206203724654
6.3,0,0,-0.436545734,-0.000527052,  0.4284285253307561,-0.728191292,  0.9999997847584534,0.000545287,-0.000364891,-0.000655114,  0.8604856574266542,-0.509474243,3.61739072721203e-05,  0.5094743722950129,  0.8604858294304769
6.4,0,0,-0.521968492,-8.32E-05,  0.3121045930858589,-0.702934812,  0.9999997394091156,0.000590273,-0.000415644,-0.00070863,  0.9125726557529942,-0.408913983,0.000137934,  0.4089141713734321,  0.9125728362219686
6.5,0,0,-0.486056418,-0.000149008,  0.2199105950056463,-0.662489032,  0.9999996893929796,0.000652352,-0.000442325,-0.000748503,  0.9618182010622979,-0.273688122,0.000246895,  0.2736883675688472,  0.9618183905975298
6.6,0,0,-0.333665204,-0.000286688,0.099356304,-0.516766242,0.999999629,0.000725559,-0.000465131,-0.000774136,  0.9933952007233132,-0.114740472,0.000378808,  0.1147407893676481,  0.9933953934650704
6.7,0,0,-0.084269314,0.00053286,-0.082608052,-0.400622003,  0.9999995536667307,0.000805939,-0.000493081,-0.000779057,  0.9986319464014792,0.052284115,0.000534544,-0.052283708,  0.9986321285512179
6.8,0,0,  0.2124539679039164,0.000623172,-0.586074018,-0.324687973,  0.9999994941999449,0.000883199,-0.000481206,-0.000764744,  0.9784304704912463,  0.2065749974838207,0.000653273,-0.206574525,  0.9784306510199958
6.9,0,0,  0.4982566457661282,0.002223013,-0.883852036,-0.22817391,  0.9999994608061781,0.000942543,-0.00043589,-0.000745822,  0.9439452695395641,  0.3301011539975361,0.000722591,-0.330100651,  0.9439454635356765
7,0,0,  0.7375631133831402,0.000960922,-1.147469571,-0.240180331,  0.9999994559573628,0.000982118,-0.000351468,-0.000741568,  0.9063096659588453,  0.4226135817445095,0.000733595,-0.422613091,  0.9063099011901959
7.1,0,0,  0.9079754811410516,0.001890359,-1.273534972,-0.245976842,  0.9999994617715841,0.001005816,-0.000254539,-0.000750408,  0.8705827675380133,  0.4920214240893209,0.00071648,-0.492020968,  0.8705830537330956
7.2,0,0,   1.002337652982992,0.001895991,-1.285482124,-0.252313624,  0.9999994694500542,0.00101838,-0.000154925,-0.000770457,  0.8392664142431279,  0.5437198656766532,0.000683737,-0.543719458,  0.8392667535811814
7.3,0,0,   1.019176964892257,0.001083883,-1.220735156,-0.261069206,  0.9999994748810528,0.001023193,-5.76E-05,-0.000799368,  0.8139351252353879,  0.5809552245480414,0.000641286,-0.580954873,0.813935516
7.4,0,0,  0.9620646473305321,-0.000336247,-1.122461332,-0.269518455,  0.9999994756636145,0.001023741,2.502393296883019e-05,-0.00083056,  0.7965191495488448,  0.6046127310797732,0.000599035,-0.604612435,  0.7965195821761452
7.5,0,0,  0.8393422395485713,0.002051552,-1.05081536,-0.330854476,  0.9999994724758856,0.001023184,9.022993919967361e-05,-0.000863351,0.78968482,  0.6135121353171046,0.000556483,-0.61351189,0.789685286
7.6,0,0,  0.6627194669771608,0.000444362,-0.947454175,-0.369514301,  0.9999994632722153,0.001024592,0.000153837,-0.000908759,  0.7960804647034055,  0.6051901088805812,0.000497607,-0.605189924,  0.7960809685248238
7.7,0,0,  0.4507576766585903,0.000443152,-0.857997507,-0.430912807,  0.9999994469219475,0.001031561,0.00020503,-0.000962017,  0.8183552651787925,  0.5747118708443697,0.000425063,-0.57471175,  0.8183558049364497
7.8,0,0,  0.2234924814397072,0.000360301,-0.762419478,-0.493372355,  0.9999994241907874,0.001047164,0.00023466,-0.001018029,  0.8565209258719404,  0.5161112933990043,0.000339462,-0.516111235,0.856521499
7.9,0,0,0.002233276,-0.00048981,-0.630796816,-0.534253453,  0.9999993992042675,0.001071649,0.000230566,-0.001068551,0.906076054,  0.4231135095885196,0.000244519,-0.423113502,  0.9060766550591766
8,0,0,-0.18543752,-0.000412258,-0.400707709,-0.525841259,0.999999381,0.001099987,0.000169717,-0.001101614,  0.9564338955873793,  0.2919468955690279,0.000158815,-0.291946902,  0.9564345149375854
8.1,0,0,-0.30645466,-0.00014086,-0.112471557,-0.489075682,0.999999372,0.001119116,5.688908543796322e-05,-0.001117073,  0.9915975550997094,  0.1293562556479124,8.835359703330428e-05,-0.129356238,  0.9915981826770277
   8.199999999999999,0,0,-0.330658092,-0.000798877,0.034524452,-0.504866565,  0.9999993721110139,0.001116546,-9.54E-05,-0.001119676,  0.9990177428477107,-0.044297808,4.585732267478477e-05,0.044297887,  0.9990183657461534
   8.300000000000001,0,0,-0.255810085,-0.000314694,  0.2317296054224588,-0.507039551,  0.9999993690628662,0.001084937,-0.000291181,-0.001121788,  0.9780782349982298,-0.208234742,5.887675811461953e-05,  0.2082349373556504,  0.9780788349648838
8.4,0,0,-0.105584238,-0.000361337,0.451566952,-0.482361486,  0.9999993555509488,0.001031393,-0.000474475,-0.001131552,  0.9393973754404292,-0.342828369,9.212997712980598e-05,  0.3428286849792216,  0.9393979371277407
8.5,0,0,0.093550938,-2.62E-05,0.637117904,-0.455882432,  0.9999993284914676,0.000975544,-0.000625565,-0.001150776,  0.8996504983661907,-0.436609272,0.000136858,  0.4366096988201593,  0.8996510168839899
8.6,0,0,  0.3099032222397733,-0.000242594,  0.8274259448415755,-0.460781465,  0.9999992922605712,0.000934016,-0.000736948,-0.001175465,  0.8713027386969968,-0.490744491,0.000183741,0.49074501,  0.8713032199544926
   8.699999999999999,0,0,  0.5082996864793992,0.000592851,0.942406277,-0.39830935,0.999999257,0.000914854,-0.000805955,-0.001198582,  0.8587864360592221,-0.512332334,0.000223434,  0.5123329193817202,  0.8587868942948207
   8.800000000000001,0,0,  0.6702573211342325,0.000807823,   1.015093537414989,-0.29668617,  0.9999992315908882,0.000919685,-0.000831262,-0.001214274,  0.8617330131454443,-0.507360562,0.000249714,  0.5073611812452247,  0.8617334677415478
8.9,0,0,  0.7819538874793365,0.001308828,   1.115065441381322,-0.233657479,  0.9999992174213284,0.000945503,-0.000819256,-0.001222776,  0.8771348638192166,-0.48024258,0.000264528,  0.4802432057791383,  0.8771353335405419
9,0,0,  0.8291621806701546,0.002139262,   1.235947986577262,-0.220435909,  0.9999992140030682,0.000985736,-0.000774802,-0.00122474,  0.9002440163450507,-0.435383981,0.000268337,  0.4353845878761004,  0.9002445160349127
9.1,0,0,  0.8033700606600044,4.328552470331563e-15,   1.274563722898007,-0.202545609,  0.9999992250161676,0.001033519,-0.000694122,-0.001218689,  0.9265899876055129,-0.37607115,0.00025449,  0.3760717042104773,  0.9265905290586903
   9.199999999999999,0,0,  0.7037925272027971,0.001756885,   1.175735992402733,-0.19147331,  0.9999992434540125,0.001083182,-0.00058293,-0.001208943,  0.9529192476079554,-0.303221777,0.000227041,  0.3032222522417893,  0.9529198361926231
   9.300000000000001,0,0,  0.5348384637806483,0.002324922,  0.8803515735753519,-0.184380296,  0.9999992671511562,0.001129242,-0.000436475,-0.001196922,  0.9763222892013452,-0.216317718,0.000181865,  0.2163180815879693,  0.9763229253231328
9.4,0,0,0.310790569,0.000407539,0.476991,-0.243698259,  0.9999992902162237,0.001164951,-0.000249913,-0.001185824,  0.9935016845124328,-0.113811233,0.000115704,  0.1138114482835724,  0.9935023607705047
9.5,0,0,0.066127755,-0.001868198,-0.001868198,-0.287195888,  0.9999992997785295,0.00118204,-5.68E-05,-0.001182,  0.9999990604761703,0.000694207,5.760890315103654e-05,-0.000694139,  0.9999997574259422
9.6,0,0,-0.146027405,-0.000296462,-0.149107319,-0.419552174,  0.9999993007036064,0.0011807,6.737403614089542e-05,-0.001180774,  0.9936340267057207,0.112650019,6.606076857769166e-05,-0.11265002,  0.9936347259981064
   9.699999999999999,0,0,-0.288395185,-0.000248079,-0.232153446,-0.540168063,  0.9999993058505121,0.001170656,0.00013365,-0.001172749,  0.9779388829815399,  0.2088879264726137,0.000113834,-0.208887938,  0.9779395770248898
   9.800000000000001,0,0,-0.341418293,8.413731209329307e-05,-0.273507965,-0.570787923,  0.9999993138579834,0.001159416,0.000167444,-0.001159634,  0.9595051185658713,  0.2816888047331767,0.000165931,-0.281688806,  0.9595058046987245
9.9,0,0,-0.298754924,0.000181035,-0.377688994,-0.607268763,0.999999321,0.001151181,0.000181165,-0.001147243,  0.9451951492350761,  0.3265039260337207,0.000204629,-0.326503912,  0.9451958281032542
10,0,0,-0.17621414,-0.000403366,-0.449120245,-0.548076276,  0.9999993273089551,0.001148658,0.000161143,-0.001135056,  0.9404825016705192,  0.3398402208668453,0.000238808,-0.339840175,  0.9404831727968773
10.1,0,0,0.000875427,-0.00019478,-0.497974289,-0.422809243,  0.9999993331466797,0.001151101,9.312390214635811e-05,-0.001120245,  0.9472710495875625,  0.3204314336670964,0.000280635,-0.320431324,  0.9472717074028908
10.2,0,0,  0.2033819318090688,0.000259451,-0.670027181,-0.361373086,  0.9999993347121131,0.001153466,-9.57E-06,-0.001108414,  0.9631732454625306,  0.2688792864017253,0.000319364,-0.268879097,  0.9631738831864407
10.3,0,0,  0.3937510185403341,0.001206952,-0.650579337,-0.194649269,  0.9999993333598454,0.001147988,-0.000124107,-0.001103597,  0.9818398235836306,  0.1897085736230944,0.000339636,-0.18970831,  0.9818404359627148
10.4,0,0,  0.5436269178024407,0.001409554,-0.471456539,-0.137311324,  0.9999993352311222,0.001130333,-0.00022778,-0.001104889,  0.9958430223041098,0.091079384,0.000329783,-0.091079072,  0.9958436091901537
10.5,0,0,  0.6237915588989194,0.001332149,0.06589698,-0.114437564,  0.9999993420373863,0.001101552,-0.000320169,-0.001105776,  0.9999081891751009,-0.013505202,0.000305262,0.013505547,  0.9999087493425149
10.6,0,0,  0.6192949462592757,0.000598404,  0.5902260638298117,-0.131424648,  0.9999993541041219,0.00106503,-0.000396867,-0.001103573,  0.9933777391193784,-0.114888857,0.000271879,  0.1148892211391333,0.993378273
10.7,0,0,  0.5383674317506472,0.00140433,  0.8562317144529692,-0.172599069,  0.9999993749678799,0.00102594,-0.000444421,-0.001095472,  0.9785654112052824,-0.205933329,0.00022362,  0.2059336869942935,  0.9785659234628433
10.8,0,0,  0.4033194827141575,-0.000342922,  0.8504667555724807,-0.284393633,  0.9999994046974139,0.000993176,-0.000451892,-0.001079402,  0.9610173634589978,-0.276485916,0.000159677,  0.2764862396791136,  0.9610178634037293
10.9,0,0,  0.2351023708824644,-0.000313934,  0.7132697416082381,-0.359341513,0.999999435,0.000972869,-0.0004289,-0.001058972,  0.9473804495427355,-0.320108048,9.490796516870611e-05,  0.3201083212745207,  0.9473809443165894
11,0,0,0.062020909,-0.000461361,0.572593381,-0.419687255,  0.9999994581721581,0.000967401,-0.000384435,-0.001040185,  0.9430926184897432,-0.332528542,4.086953327207772e-05,  0.3325287612902225,  0.9430931137785697
11.1,0,0,-0.083559776,-0.000403601,  0.4887923005278534,-0.497992399,  0.9999994685207483,0.000975,-0.000335161,-0.001030903,  0.9500228415149551,-0.312178695,1.403621346850783e-05,  0.3121788749650663,  0.9500233417345002
11.2,0,0,-0.179365668,-0.000355774,  0.3639709906951981,-0.508927596,  0.9999994685557096,0.000991575,-0.000282255,-0.001030865,  0.9655114657790314,-0.260358497,1.435525565947706e-05,  0.2603586492295975,  0.9655119748483252
11.3,0,0,-0.210269208,-0.000312406,  0.1986302192851059,-0.44943191,  0.9999994620366247,0.00101196,-0.000227735,-0.001036505,  0.9833076585186871,-0.181947724,3.980985091176197e-05,  0.1819478624093132,0.983308178
11.4,0,0,-0.165188164,-0.000558402,  0.1146432794639604,-0.433528541,  0.9999994514753759,0.001031585,-0.000181331,-0.001043376,  0.9962776851299462,-0.086195623,9.173780681731507e-05,0.086195765,  0.9962782149799631
11.5,0,0,-0.052066788,-0.000777432,-0.025544203,-0.362416706,  0.9999994349961482,0.001049086,-0.000171543,-0.001046077,  0.9998602248671564,0.016686415,0.000189024,-0.016686226,  0.9998607573661408
11.6,0,0,  0.1056431021317547,-0.000532359,-0.323361169,-0.335316463,  0.9999994055123056,0.001067726,-0.000221216,-0.001035475,  0.9934563004743269,  0.1142081732927555,0.000341712,-0.114207876,  0.9934568154764086
11.7,0,0,  0.2725561634401743,0.000421617,-0.56431583,-0.25426715,  0.9999993650999824,0.001088255,-0.000292405,-0.001011558,  0.9812748258717164,  0.1926102096718921,0.000496539,-0.192609792,  0.9812753036887485
11.8,0,0,  0.4236006639018411,0.002905379,-0.824165685,-0.255218217,  0.9999993278600081,0.001105636,-0.000349067,-0.000986176,  0.9694249623926982,  0.2453859607976061,0.000609702,-0.245385452,  0.9694254011505183
11.9,0,0,  0.5336613143487052,0.002013592,-0.948225522,-0.216696432,0.999999316,0.001116182,-0.000349251,-0.000977991,  0.9618233659291625,  0.2736692461661624,0.000641383,-0.273668717,  0.9618237997296083
12,0,0,  0.5910525865839432,0.0026074,-0.950509064,-0.164042853,  0.9999993287457745,0.001118598,-0.000302071,-0.000988952,0.9598498,  0.2805127143972952,0.000603724,-0.280512227,  0.9598502621838537
12.1,0,0,  0.5907614887746596,0.002024291,-0.946811741,-0.162796875,  0.9999993513815166,0.001115226,-0.000231316,-0.001012345,  0.9633709079261327,  0.2681705966929117,0.000521914,-0.268170189,  0.9633714120537787
12.2,0,0,  0.5330886973445333,0.00204356,-0.913982253,-0.20102399,  0.9999993726803714,0.001109278,-0.000155376,-0.001040619,  0.9713766203595349,  0.2375423720992464,0.000414429,-0.237542061,  0.9713771653254293
12.3,0,0,  0.4236610896325685,0.001110874,-0.737171545,-0.218897448,  0.9999993883429817,0.001103705,-7.18E-05,-0.001070373,  0.9820591704472391,  0.1885699871411805,0.000278593,-0.188569795,  0.9820597511357381
12.4,0,0,  0.2751088399919722,-0.001026774,-0.419261762,-0.220793093,  0.9999993927131584,0.001101903,1.955887292529696e-05,-0.001096153,  0.9926299779618376,  0.1211797231648154,0.000114114,-0.121179671,  0.9926305830021304
12.5,0,0,  0.1161508433091851,-0.001355126,-0.116158064,-0.295755016,  0.9999993854773508,0.001106243,7.25992642822067e-05,-0.001108227,  0.9992468644996976,0.03878757,-2.96E-05,-0.038787627,0.999247476
12.6,0,0,-0.025920229,-0.001176819,0.075989934,-0.335725424,  0.9999993813346931,0.001111692,3.835183724065683e-05,-0.001108613,  0.9988692656951521,-0.047528529,-9.11E-05,0.047528457,  0.9988698801664289
12.7,0,0,-0.12411661,-0.000376611,  0.1666402378593027,-0.404046946,  0.9999993805956949,0.001110902,-6.86E-05,-0.001110718,  0.9920770984817013,-0.125625622,-7.15E-05,  0.1256256206508276,  0.9920777178854359
12.8,0,0,-0.161494139,-0.000349275,  0.2570660934981718,-0.46048461,  0.9999993712959929,0.001102711,-0.000203561,-0.001121323,  0.9823087663727705,-0.187265133,-6.54E-06,  0.1872652438033284,  0.9823093852876689
12.9,0,0,-0.135419005,-0.000352805,0.317287469,-0.452488865,  0.9999993445590301,0.001091953,-0.000344268,-0.001141567,  0.9739693004092514,-0.22667708,8.778612240941395e-05,  0.2266773246257479,  0.9739699085688771
13,0,0,-0.052104362,0.000531669,  0.4054399753429465,-0.428825624,  0.9999993049987329,0.001086517,-0.000457692,-0.001164662,  0.9707017063301708,-0.240284916,0.000183209,  0.2402852821292014,  0.9707022971187371
13.1,0,0,0.068401254,-0.000186055,  0.4570390714982211,-0.363955221,  0.9999992771021178,0.001093591,-0.000499853,-0.001178322,0.974072176,-0.226234409,0.000239485,  0.2262348345838084,  0.9740727602563173
13.2,0,0,  0.2038722422005188,0.000370323,  0.5552547567359859,-0.323385972,  0.9999992520867406,0.001114461,-0.000503789,-0.001188593,  0.9826297073488464,-0.185573289,0.000288223,  0.1855737487158448,  0.9826302970698497
13.3,0,0,  0.3291018593971676,0.000658561,  0.5059945964201055,-0.23001462,  0.9999992342525592,0.001145679,-0.000467883,-0.001194342,  0.9924768097238138,-0.12242694,0.000324101,  0.1224274053494474,  0.9924774180712003
13.4,0,0,  0.4238999884779437,0.001475237,  0.2291095890411169,-0.179909111,  0.9999992314836788,0.00117953,-0.000381762,-0.001195244,  0.9990228991581624,-0.044179388,0.000329278,0.044179811,  0.9990235412190978
13.5,0,0,  0.4666591383166241,0.001704848,-0.194033031,-0.136016432,  0.9999992397120964,0.00120592,-0.00025755,-0.001195317,  0.9992838832839883,0.037819199,0.000302972,-0.037818863,  0.9992845649969573
13.6,0,0,  0.4519472412763819,0.000877817,-0.541945433,-0.165351318,  0.9999992505734621,0.001219973,-0.000102564,-0.001200484,  0.9935540754484249,  0.1133528032396137,0.00024019,-0.113352595,0.993554795
13.7,0,0,  0.3852350488875512,0.000471621,-0.620182143,-0.193539067,0.999999252,0.001221305,6.329069399278029e-05,-0.001213619,  0.9846663181495385,0.174444172,0.000150729,-0.174444118,  0.9846670640159479
13.8,0,0,  0.2826552101783397,-0.000658645,-0.598062065,-0.255412536,  0.9999992389499647,0.001215984,0.000208527,-0.001232415,  0.9767436489652886,  0.2144069153907965,5.703779968984561e-05,-0.214407009,0.976744404
13.9,0,0,  0.1639756784980089,-0.000531029,-0.540326947,-0.324762193,  0.9999992181342954,0.001212276,0.000306788,-0.001250315,  0.9734255310557556,  0.2290003759991784,-2.10E-05,-0.229000581,  0.9734262856905765
14,0,0,0.047683179,-0.000646246,-0.442032578,-0.376614549,  0.9999991996893086,0.00121659,0.000347174,-0.001262906,  0.9762617048535587,0.216590602,-7.54E-05,-0.216590867,  0.9762624599755791
14.1,0,0,-0.04203475,1.524738888464979e-05,-0.308591904,-0.389217665,0.999999194,0.001229687,0.000315687,-0.001266316,  0.9838847392446924,  0.1787993745246215,-9.07E-05,-0.17879963,  0.9838855035071753
14.2,0,0,-0.086136852,-0.000711344,-0.203788843,-0.41530286,0.999999201,0.001245777,0.000216705,-0.00126281,  0.9927161383599303,  0.1204702201932546,-6.50E-05,-0.120470398,0.992716918
14.3,0,0,-0.083226945,-0.000532663,-0.080957313,-0.396944863,  0.9999992110804264,0.001255395,4.269087472913599e-05,-0.001255982,  0.9988074856296104,0.048806036,1.863087693038388e-05,-0.048806051,0.998808274
14.4,0,0,-0.03275821,-0.001044986,0.041399244,-0.344060948,  0.9999991993006138,0.001249977,-0.000197372,-0.001254848,  0.9996350648351192,-0.026984486,0.00016357,0.026984713,  0.9996358329589196
14.5,0,0,0.057553018,-1.73E-05,  0.2119847921887364,-0.321800834,  0.9999991325771734,0.001226348,-0.000480538,-0.001267236,  0.9952675621097157,-0.09716416,0.000359107,0.097164684,  0.9952682528640936
14.6,0,0,  0.1657829464686484,0.001076505,  0.4092704849498309,-0.290150942,  0.9999990183786951,0.001193026,-0.0007348,-0.001290758,  0.9884062395692904,-0.151827005,0.000545148,0.151827805,  0.9884068092364197
14.7,0,0,  0.2706857636020414,0.001303181,  0.5518972786507617,-0.255840328,  0.9999989093541162,0.001166014,-0.000906477,-0.001313225,  0.9828363818527103,-0.184474719,0.000675819,  0.1844757082037004,0.982836841
14.8,0,0,  0.3540647325125123,0.002424145,  0.6590785037726364,-0.236050383,  0.9999988392127324,0.001156755,-0.000991711,-0.001327271,0.98097466,-0.194131284,0.000748281,  0.1941323750734173,  0.9809750562721069
14.9,0,0,  0.4049836046431824,0.00170112,  0.7251937984496345,-0.237194461,  0.9999988560756703,0.001168801,-0.000960079,-0.001324048,  0.9832894922221963,-0.182044009,0.000731263,  0.1820450724150775,  0.9832899149628457
15,0,0,  0.4125258087224151,0.00217148,  0.6596373404970083,-0.218732073,  0.9999989360953527,0.001196526,-0.000834346,-0.001309121,  0.9884559290569999,-0.151503012,0.000643437,  0.1515039426470657,  0.9884564438323514
15.1,0,0,  0.3732236525868705,0.000290251,  0.4532012975926059,-0.183023319,  0.9999990538072694,0.001230372,-0.00061528,-0.001288482,  0.9944043746917988,-0.105632757,0.000481869,  0.1056334500928849,  0.9944050191067902
15.2,0,0,  0.2972591115309648,-0.000458415,  0.1974852652259141,-0.178707167,  0.9999991579794586,0.001257885,-0.000319008,-0.001271559,  0.9988811938686596,-0.047273076,0.000259187,0.047273441,  0.9988819522655321
15.3,0,0,  0.2007103603681431,-0.002045097,-0.066413214,-0.269641126,0.999999195,0.001268546,-2.66E-05,-0.001267917,  0.9998566570512728,0.016883653,4.798354143950737e-05,-0.016883606,  0.9998574606192936
15.4,0,0,0.098107543,-0.001672554,-0.220756285,-0.323037935,  0.9999991837709659,0.001263443,0.000190185,-0.00127431,  0.9970512978885487,0.076727345,-9.27E-05,-0.076727525,  0.9970520940832989
15.5,0,0,0.014246804,-0.001020497,-0.275385957,-0.370624267,  0.9999991664186176,0.00125111,0.000319197,-0.001281052,  0.9922679699226769,0.124107352,-0.000161457,-0.124107657,  0.9922687455209681
15.6,0,0,-0.035277205,-0.00080706,-0.265213456,-0.373329567,  0.9999991641407296,0.001240657,0.000363989,-0.001281932,  0.9880515299153698,  0.1541185611405888,-0.000168431,-0.154118899,  0.9880522944784726
15.7,0,0,-0.038800753,-0.000818058,-0.285858203,-0.384010355,0.99999918,0.001236791,0.000330977,-0.001274419,  0.9863350067540794,  0.1647471708824039,-0.000122696,-0.164747458,  0.9863357745415895
15.8,0,0,0.002255478,-0.000456421,-0.338093566,-0.394879261,  0.9999992059190627,0.001239342,0.000228456,-0.001259783,  0.9878761506528744,0.155238925,-3.33E-05,-0.15523909,  0.9878769274982812
15.9,0,0,0.073958483,-0.000270483,-0.279783614,-0.311885901,0.999999224,0.001243602,6.790071353454865e-05,-0.001242231,  0.9920076017317038,  0.1261720055086326,8.954974247297266e-05,-0.126171992,  0.9920083771901438
16,0,0,  0.1628702386552385,-0.000238812,-0.236257917,-0.266630928,  0.9999992189156984,0.001241838,-0.00014144,-0.001226405,  0.9967480661949298,0.080571636,0.000241037,-0.080571399,  0.9967488106457311
16.1,0,0,  0.2485022253297912,-0.000131096,-0.100249082,-0.226618389,  0.9999991782983605,0.001227029,-0.000371218,-0.001217787,  0.9997124444676229,0.023948807,0.000400497,-0.023948336,0.999713117
16.2,0,0,0.316826332,0.002346829,  0.1769079183088462,-0.219184697,  0.9999990985196205,0.001198294,-0.000605848,-0.001218841,  0.9993818339477477,-0.035134946,0.000563371,0.035135652,  0.9993823935544575
16.3,0,0,0.353906731,0.001970273,  0.3929657794676669,-0.192949844,  0.9999990217433805,0.001161585,-0.000779252,-0.001225218,  0.9961762130068041,-0.087358179,0.000674798,0.087359049,  0.9961766616874888
16.4,0,0,  0.3547892412626173,0.003767238,  0.5119576185670801,-0.20516297,  0.9999989991561409,0.001129724,-0.00085171,-0.001228077,  0.9920221245947051,-0.126057908,0.000702505,  0.1260588276879679,0.992022519
16.5,0,0,  0.3220135516450677,0.004284533,  0.5642514474772247,-0.246241318,  0.9999990557657165,0.001111455,-0.000808168,-0.001218519,  0.9890576399560722,-0.147524574,0.000635358,  0.1475254198847946,  0.9890580603842709
16.6,0,0,  0.2635168116066466,0.001209159,  0.4872909698996111,-0.243319276,  0.9999991666505836,0.001109561,-0.000659978,-0.00119588,  0.9887236840007506,-0.149746608,0.000486383,  0.1497472723266245,  0.9887241869521308
16.7,0,0,  0.1922325953946176,0.000292032,  0.3643721318314551,-0.252427217,  0.9999992739395195,0.001119163,-0.00044676,-0.00116832,  0.9912592704963141,-0.13192306,0.000295212,  0.1319234858897697,  0.9912598583227026
16.8,0,0,  0.1214218924775221,-0.000737662,  0.2815168831168834,-0.310488889,  0.9999993394214173,0.001130589,-0.000207186,-0.001145272,  0.9953658568008332,-0.09615352,9.751554072140299e-05,0.096153694,  0.9953664941157127
16.9,0,0,0.064986695,-0.001194158,  0.1047680412371256,-0.295394314,  0.9999993554585703,0.001135365,-5.43E-06,-0.00113434,  0.9988699559312559,-0.047513413,-4.85E-05,0.047513388,  0.9988706000087701
17,0,0,0.037160071,-0.001507236,-0.011663955,-0.322586957,  0.9999993522276844,0.001131748,0.000121201,-0.001132477,0.999980195,0.006190836,-0.000114192,-0.006190969,  0.9999808292483956
17.1,0,0,0.037656185,-0.000997849,-0.122184946,-0.327791986,  0.9999993572365566,0.00112462,0.000144072,-0.001131046,  0.9983427552855894,0.057536629,-7.91E-05,-0.057536755,  0.9983433855830599
17.2,0,0,0.065535676,-0.000795985,-0.217676069,-0.311266921,  0.9999993695301788,0.001119388,8.894164708243553e-05,-0.001122677,  0.9950146855201757,0.09972219,2.31295393530184e-05,-0.099722227,  0.9950153149018609
17.3,0,0,0.119466393,0.000208877,-0.354746736,-0.32308872,  0.9999993741718607,0.001118312,-3.22E-05,-0.001105113,0.991859367,  0.1273333207996998,0.000174304,-0.127333206,  0.9918599822451711
17.4,0,0,  0.1845596676855688,0.000240159,-0.375305419,-0.261919573,  0.9999993582610925,0.001119051,-0.000176641,-0.001084437,  0.9906277290141869,0.136585235,0.000327832,-0.136584956,0.990628307
17.5,0,0,  0.2470958049709417,0.002201217,-0.434636799,-0.256990703,  0.9999993294490407,0.001116395,-0.000307836,-0.001068387,  0.9919381152375737,  0.1267187203768076,0.000446822,-0.126718306,  0.9919386428318671
17.6,0,0,  0.2938092115642698,-0.000480894,-0.361710424,-0.197177839,  0.9999993035767515,0.001106443,-0.000410646,-0.001060159,  0.9950496629923721,0.099373257,0.000518564,-0.099372753,  0.9950501430190952
17.7,0,0,  0.3177790134435803,0.001466172,-0.281734676,-0.225940351,  0.9999992807067806,0.00108723,-0.000506476,-0.001055821,  0.9982953131567468,0.058355402,0.000569058,-0.058354826,  0.9982957430082007
17.8,0,0,  0.3046357809859091,0.004290369,-0.053729182,-0.230213526,  0.9999992914578878,0.001061543,-0.000538712,-0.001056148,  0.9999502628170012,0.009917482,0.000549213,-0.009916906,  0.9999506754562739
17.9,0,0,  0.2614358294989674,9.194798371219122e-05,  0.1578221463286335,-0.208015837,  0.9999993360769258,0.001036104,-0.000504315,-0.001054842,  0.9992506345830277,-0.038691816,0.000463848,0.038692322,  0.9992510640843751
18,0,0,  0.2035652322816195,0.000143584,  0.3010834094765381,-0.28024506,0.999999381,0.001016373,-0.000452535,-0.001049191,  0.9968217466966461,-0.07965742,0.000370135,0.079657845,  0.9968221961339576
18.1,0,0,  0.1386862233972738,-0.000855593,  0.3029737061769612,-0.292378438,  0.9999994194826511,0.001004665,-0.000389464,-0.001040646,  0.9942295342321746,-0.10726859,0.000279448,  0.1072689326336411,  0.9942300025679552
18.2,0,0,0.080829887,-0.000722242,  0.2630351548903835,-0.302086781,  0.9999994380878094,0.001000424,-0.000350679,-0.001034937,  0.9929501286070976,-0.118528355,0.000229628,  0.1185286516021019,  0.9929506060356962
18.3,0,0,0.043405038,-0.000347735,  0.2515604624880706,-0.337909909,  0.9999994466356108,0.001002196,-0.000319893,-0.00103196,  0.9935750871039373,-0.113170143,0.000204419,  0.1131704108381335,  0.9935755715242386
18.4,0,0,0.03297829,-0.000276841,  0.2060126308504403,-0.341730584,  0.9999994421326985,0.00100861,-0.000313753,-0.001033375,  0.9956835016918767,-0.092807848,0.000218792,0.09280812,0.995683989
18.5,0,0,0.049560244,-0.000249828,  0.1289455547898148,-0.316457697,  0.9999994267149491,0.00101903,-0.000328857,-0.001037087,  0.9981614234833061,-0.060602781,0.000266496,0.060603088,0.998161908
18.6,0,0,0.093141046,-0.000300894,0.044575309,-0.267379166,  0.9999994057297479,0.001032313,-0.000350528,-0.001039526,  0.9997738580750279,-0.021240341,0.000328522,0.021240693,  0.9997743370556252
18.7,0,0,  0.1564632074293859,0.00052686,-0.054617769,-0.259969726,  0.9999993719981787,0.001047529,-0.000398355,-0.001039416,  0.9998024508946786,0.019848899,0.000419069,-0.019848473,0.999802912
18.8,0,0,  0.2251031551061322,0.000813542,-0.222004986,-0.252513261,  0.9999993280702444,0.001063261,-0.000461881,-0.001035293,  0.9983831556249897,0.056833113,0.000521563,-0.056832597,  0.9983835855670977
18.9,0,0,  0.2840210406845063,0.001474811,-0.315244062,-0.201140038,  0.9999992780624665,0.001076707,-0.000533457,-0.001028135,  0.9964710714636532,0.083930606,0.000621943,-0.083929997,  0.9964714590719556
19,0,0,0.319729666,0.001297371,-0.428149539,-0.234635748,  0.9999992543565016,0.001084484,-0.000561409,-0.001024321,  0.9951969103684682,0.097887999,0.000664871,-0.097887351,0.995197279
19.1,0,0,  0.3199402004601606,0.00170765,-0.429047131,-0.231231613,  0.9999992707867229,0.001084694,-0.00053091,-0.001027317,0.995166352,0.098198153,0.000634858,-0.098197536,0.99516674
19.2,0,0,  0.2854059437994498,0.001083268,-0.321456539,-0.200389926,  0.9999993188324887,0.001078303,-0.000446762,-0.001036322,  0.9963638042002605,0.085194458,0.000537003,-0.085193937,  0.9963642429763374
19.3,0,0,  0.2297443827019705,0.000341163,-0.236032017,-0.249096843,  0.9999993740911025,0.001068631,-0.00033143,-0.001046835,  0.9982001819830066,0.059960827,0.000394909,-0.059960443,  0.9982006758793937
19.4,0,0,  0.1671041058349033,-0.000185912,-0.078248296,-0.243204451,  0.9999994125228152,0.001059236,-0.000230157,-0.001052877,  0.9996596241729712,0.026067743,0.000257691,-0.026067486,  0.9996601521403317
19.5,0,0,  0.1123959182758321,-0.001524673,0.028278562,-0.299917697,0.999999431,0.001052023,-0.000174934,-0.00105386,  0.9999405110499717,-0.010856507,0.000163502,0.010856685,  0.9999410510916605
19.6,0,0,0.072663979,-0.000764671,0.095721282,-0.287147374,  0.9999994339104664,0.001045819,-0.000196067,-0.001053629,  0.9989721165837245,-0.045316665,0.000148472,0.045316846,  0.9989726529821813
19.7,0,0,0.061265217,-0.000750259,  0.1532942393929111,-0.307474382,  0.9999994256687139,0.001039638,-0.000260414,-0.001055847,  0.9973421570773273,-0.072852638,0.000183981,0.072852871,  0.9973426819728192
19.8,0,0,0.07727698,0.000397821,  0.1966963590763842,-0.29636911,  0.9999994036919847,0.001034476,-0.000349964,-0.001061793,  0.9959348484563296,-0.090070252,0.000255366,0.090070569,  0.9959353529736301
19.9,0,0,  0.1198404311514071,-0.000187305,  0.2778251821019772,-0.31116207,0.999999373,0.001032726,-0.000431874,-0.001069,  0.9955004399208168,-0.094750891,0.000332079,0.094751293,  0.9955009202066623
20,0,0,  0.1742732700055282,0.000519481,  0.2516051948051954,-0.25350419,0.99999934,0.001037092,-0.000494471,-0.001075624,0.996326481,-0.08562935,0.000403849,0.085629826,  0.9963269392376712
20.1,0,0,  0.2263009379743626,0.000680806,  0.2513747054202425,-0.25685814,  0.9999993166762254,0.00104821,-0.000517593,-0.001079109,  0.9979604160009292,-0.063826669,0.000449634,0.063827183,  0.9979608652051289
20.2,0,0,  0.2618054066350967,0.00057652,  0.1377751572326912,-0.210790844,  0.9999993076705965,0.001064286,-0.00050195,-0.001080007,  0.9994732747227113,-0.032434653,0.000467166,0.032435172,  0.9994737321945684
20.3,0,0,  0.2810699785668346,-0.001109516,-0.01407127,-0.188021126,  0.9999993048400625,0.001081681,-0.000469345,-0.001079998,  0.9999930352994101,0.003572528,0.000473206,-0.003572019,0.999993508
20.4,0,0,  0.2844803968565947,0.000498688,-0.156850394,-0.188826737,  0.9999992949393385,0.001097565,-0.000453291,-0.001079544,  0.9992768913360045,0.03800696,0.000494678,-0.038006444,0.999277372
20.5,0,0,  0.2721799435269829,0.000288449,-0.256850662,-0.207721821,  0.9999992913002433,0.001109716,-0.000431195,-0.001079221,  0.9978690140162282,0.065240066,0.000502674,-0.065239554,  0.9978695044544655
20.6,0,0,  0.2446243800758145,0.000809717,-0.307653128,-0.239693916,  0.9999992971005474,0.00111647,-0.000399117,-0.00108026,  0.9966781497335361,0.081434016,0.000488709,-0.081433527,0.996678655
20.7,0,0,  0.2024001419194492,0.000887728,-0.31926893,-0.283025287,  0.9999993132208803,0.001117747,-0.00035242,-0.001083875,  0.9964048585868668,0.084712354,0.00044584,-0.084711914,  0.9964053857727765
20.8,0,0,  0.1529994693763648,-0.000114309,-0.218341474,-0.26794976,  0.9999993344561339,0.001114657,-0.000297704,-0.001089155,  0.9971760656557216,0.07509133,0.000380565,-0.075090956,  0.9971766160231847
20.9,0,0,  0.1106202608778554,-0.000507141,-0.157555372,-0.30795746,0.999999353,0.00110906,-0.000252143,-0.001093665,  0.9985123459815355,0.054515125,0.000312229,-0.054514814,  0.9985129130876801
21,0,0,0.08248664,-0.000128888,-0.058420691,-0.275367934,0.999999365,0.001102367,-0.000232947,-0.001095805,  0.9996479817658906,0.026508711,0.000262087,-0.026508439,  0.9996485552290159
21.1,0,0,0.082596593,-0.00117395,0.005955441,-0.277021522,  0.9999993698913252,0.001095112,-0.000246874,-0.00109617,  0.9999900295986187,-0.00432887,0.000242131,0.004329138,  0.9999905999255351
21.2,0,0,  0.1104777227185897,-0.00119674,0.098617559,-0.304116997,  0.9999993647785409,0.001087052,-0.000297927,-0.001096518,  0.9994257517598294,-0.033866862,0.000260941,0.033867168,  0.9994263088761454
21.3,0,0,  0.1513382205092628,-0.000289855,  0.1656935817805407,-0.267948833,0.999999349,0.00107918,-0.000371903,-0.001098831,  0.9983351248498835,-0.057669499,0.000309048,0.05766987,  0.9983356603012856
21.4,0,0,0.197618765,-0.000457285,  0.2107773851590125,-0.226008742,  0.9999993205998386,0.001073227,-0.000454954,-0.001103267,  0.9973909635615256,-0.072180666,0.000376301,0.072181119,  0.9973914699914486
21.5,0,0,0.24171316,0.000431994,  0.2859012959811202,-0.244600613,  0.9999992852581997,0.001071703,-0.000530034,-0.001108607,  0.9971544833035659,-0.075377101,0.000447744,0.075377635,  0.9971549586943769
21.6,0,0,  0.2694307003436059,-1.31E-05,  0.2622572178477433,-0.210892323,  0.9999992512095306,0.001076506,-0.000581993,-0.001113008,  0.9977618462037094,-0.066858503,0.000508717,0.066859101,  0.9977622972506851
21.7,0,0,0.280976274,0.001166143,  0.1974973794549075,-0.195091624,  0.9999992182807876,0.00108785,-0.000616458,-0.00111621,  0.9988446730994792,-0.048042409,0.000563483,0.04804306,  0.9988451065528822
21.8,0,0,  0.2767133590580482,0.001391441,0.091533211,-0.194416143,0.999999203,0.001103911,-0.000612293,-0.001117039,  0.9997601589907017,-0.021871825,0.000588001,0.021872491,  0.9997605955331827
21.9,0,0,  0.2569824407103743,0.000326883,-0.027876569,-0.212352542,  0.9999992030234024,0.001121301,-0.000580204,-0.001117075,  0.9999732180669482,0.007232931,0.000588299,-0.007232277,  0.9999736736886462
22,0,0,  0.2221992704347858,-0.000222863,-0.142475092,-0.250550966,  0.9999992069775244,0.001136549,-0.000542495,-0.001117256,  0.9994099630523259,0.03432896,0.000581191,-0.034328327,  0.9994104403134386
22.1,0,0,  0.1762735272071889,0.000269151,-0.157505176,-0.245982832,  0.9999992180082514,0.001147391,-0.00049747,-0.001118254,  0.9984818281165143,0.055070758,0.000559902,-0.055070159,  0.9984823303856973
22.2,0,0,  0.1339968066794682,3.117530915514111e-05,-0.197433233,-0.287830075,  0.9999992427397124,0.001153001,-0.000430244,-0.001121635,  0.9977591022352452,0.066899296,0.000506415,-0.066898763,  0.9977596399156554
22.3,0,0,0.098621314,-0.000492398,-0.148384589,-0.269268614,0.99999927,0.001153634,-0.000359221,-0.001126377,  0.9976597122015094,0.068365415,0.000437249,-0.06836496,  0.9976602833790088
22.4,0,0,0.083953318,0.000172295,-0.128333908,-0.282284901,  0.9999992853844717,0.001150913,-0.000323466,-0.001129319,  0.9981805589836413,0.060285125,0.00039226,-0.060284717,  0.9981811454153482
22.5,0,0,0.096859278,-0.000197662,-0.096020969,-0.266457612,  0.9999992976335401,0.00114588,-0.000302806,-0.001131289,  0.9990110904161523,0.044447288,0.000353438,-0.044446914,0.999011685
22.6,0,0,  0.1299719340201605,-0.000299463,-0.066253614,-0.286989668,  0.9999993017596557,0.001139414,-0.000313393,-0.001131938,  0.9997370399375146,0.022903487,0.000339407,-0.022903116,  0.9997376316265414
22.7,0,0,  0.1690139131386603,-0.001089526,0.001634289,-0.242840571,  0.9999992925973267,0.001131161,-0.000367803,-0.001131715,  0.9999982198847522,-0.001509784,0.000366095,0.001510199,  0.9999987926358388
22.8,0,0,  0.2140652117449381,-0.000616313,  0.1023734592184532,-0.257442119,  0.9999992648113352,0.001121458,-0.000461203,-0.001132675,  0.9996846764198625,-0.025085151,0.000432925,0.025085655,  0.9996852117111787
22.9,0,0,  0.2499900145168629,0.000840446,  0.1801575837163321,-0.224870877,  0.9999992122236941,0.00111175,-0.000582721,-0.001136279,  0.9990337253490761,-0.043935458,0.000533313,0.043936086,  0.9990342015926952
23,0,0,0.269558286,0.001181723,  0.2178702731092227,-0.207713909,0.99999916,0.001104759,-0.000678286,-0.001140412,0.998483952,-0.055031777,0.000616461,0.055032504,  0.9984843731876678
23.1,0,0,  0.2731285264172431,0.000866142,  0.2243832020997158,-0.204595561,  0.9999991332444103,0.001103408,-0.000718333,-0.001142553,  0.9983740572051615,-0.05699067,0.000654281,0.056991441,  0.9983744525617042
23.2,0,0,  0.2610180271523884,0.001270299,  0.2023441592456587,-0.215349455,0.999999134,0.00110855,-0.000709538,-0.001142519,  0.9987578617124806,-0.049813937,0.000653436,0.049814704,  0.9987582631648281
23.3,0,0,  0.2335925080599408,-0.000367165,  0.1441515866771434,-0.239186919,  0.9999991656600836,0.001118826,-0.000645684,-0.001140551,  0.9993975246556763,-0.034688425,0.000606485,0.034689133,0.999397967
23.4,0,0,  0.1911602166509297,0.000288749,0.041043622,-0.221632475,  0.9999991995959714,0.001131259,-0.000566623,-0.001139175,0.999898921,-0.014172132,0.000550533,0.014172766,  0.9998994097487726
23.5,0,0,0.14903795,-0.000473934,-0.020822172,-0.262997693,  0.9999992230270918,0.001142976,-0.000497545,-0.001138953,  0.9999672505968359,0.008012523,0.000506687,-0.00801195,  0.9999677754449195
23.6,0,0,  0.1145998732631581,8.253378726915661e-05,-0.084297947,-0.299842391,  0.9999992318651968,0.001152664,-0.000455668,-0.00113925,  0.9995954767541735,0.028418039,0.000488241,-0.028417498,  0.9995960221023503
23.7,0,0,0.090948971,0.000103155,-0.094231926,-0.265257357,  0.9999992367576103,0.001159594,-0.000426411,-0.001139653,  0.9990257383873834,0.044116609,0.000477153,-0.04411609,  0.9990262974221636
23.8,0,0,0.091861984,-8.60E-06,-0.114580645,-0.272782545,  0.9999992447363363,0.001163468,-0.000396067,-0.00114065,0.998571606,0.053417657,0.000457651,-0.053417164,  0.9985721792115845
23.9,0,0,  0.1167092473856021,0.000175874,-0.15983861,-0.298526725,0.999999251,0.001164188,-0.000376517,-0.001141612,0.998472442,0.055240188,0.000440252,-0.055239717,  0.9984730240972016
24,0,0,  0.1509288697540404,0.001104687,-0.143722899,-0.266967985,  0.9999992587228203,0.001161869,-0.000364163,-0.001142629,  0.9987980623368451,0.049001276,0.000420659,-0.049000824,  0.9987986495341347
24.1,0,0,  0.1908866502364826,-0.001261373,-0.102874276,-0.224107302,0.999999274,0.001157179,-0.000335743,-0.001144496,  0.9993657035080569,0.035593269,0.000376717,-0.035592859,  0.9993663024607505
24.2,0,0,0.229034458,-0.000813328,-0.069224715,-0.245060084,  0.9999992824221806,0.001151016,-0.00033214,-0.001145192,  0.9998542691441122,0.017033174,0.000351697,-0.017032781,  0.9998548698048557
24.3,0,0,0.250886996,-0.000953376,0.012106569,-0.218201353,  0.9999992802242079,0.001143833,-0.000362213,-0.00114523,  0.9999918086969106,-0.003882137,0.000357769,0.003882549,  0.9999923988785822
24.4,0,0,  0.2569451119696295,0.0006032,0.096643063,-0.214543405,  0.9999992604946613,0.00113603,-0.000434102,-0.001145978,  0.9997197195011256,-0.023646758,0.000407117,0.023647238,  0.9997202820693509
24.5,0,0,  0.2473805125912922,-0.000657117,0.160717571,-0.225836733,  0.9999992361851844,0.001128896,-0.000503214,-0.001147625,  0.9992417197833033,-0.038918741,0.000458897,0.038919289,  0.9992422520969153
24.6,0,0,0.222389272,0.001401257,  0.1941068622315161,-0.25329647,  0.9999992052447871,0.001124435,-0.000570225,-0.001150132,  0.9988815660427313,-0.047268321,0.000516437,0.04726894,0.998882065
24.7,0,0,  0.1824018679207958,0.000722618,  0.1394446164963377,-0.234893017,  0.9999991915059324,0.001124285,-0.000594114,-0.001151262,0.998868307,-0.047547661,0.000539984,0.047548307,  0.9988687936693874
24.8,0,0,  0.1424795637775317,0.001074047,  0.1157802333987419,-0.273190019,  0.9999991945406653,0.001128485,-0.000580895,-0.001151051,  0.9991814676065166,-0.040435997,0.000534789,0.040436633,  0.9991819617514812
24.9,0,0,  0.1099535593690489,0.000680834,0.080781927,-0.30416839,0.999999202,0.00113579,-0.000553313,-0.001150587,  0.9996205966738635,-0.02751979,0.000521847,0.027520405,  0.9996211057150307
25,0,0,0.091762925,-0.00023168,0.023562725,-0.264681752,  0.9999992102876646,0.00114463,-0.00051889,-0.001150271,  0.9999387915449116,-0.011004092,0.000506263,0.01100468,  0.9999393185149531
25.1,0,0,  0.1017075765347391,-0.000925831,-0.018290299,-0.31020742,  0.9999992078664127,0.001153455,-0.000503794,-0.001150197,  0.9999787304590464,0.006419944,0.000511189,-0.006419359,  0.9999792650419485
25.2,0,0,  0.1253046906001221,0.000464972,-0.064145485,-0.288027636,  0.9999991906987671,0.001161619,-0.000518886,-0.001149723,  0.9997491615916393,0.022367209,0.000544738,-0.022366594,  0.9997496880325374
25.3,0,0,  0.1550128862270115,-0.00041318,-0.101508109,-0.25979307,  0.9999991781918705,0.001167965,-0.000528652,-0.001149011,  0.9994028164921811,0.034535347,0.000568673,-0.034534711,  0.9994033371793721
25.4,0,0,  0.1906183957865514,0.000743955,-0.121213061,-0.225377424,  0.9999991558451565,0.001171544,-0.000561954,-0.001147434,  0.9991527078222703,0.041140611,0.000609676,-0.041139931,  0.9991532086515658
25.5,0,0,  0.2245300938986127,0.001705142,-0.170894544,-0.253217154,  0.9999991435012632,0.001171501,-0.000583593,-0.001146522,  0.9991541168567062,0.041106402,0.000631256,-0.041105697,  0.9991546042341259
25.6,0,0,  0.2421324567096513,-0.000236035,-0.143023866,-0.230598374,  0.9999991530962886,0.001167467,-0.000575176,-0.001147134,  0.9994155246773342,0.034165672,0.000614727,-0.034164983,  0.9994160175091438
25.7,0,0,  0.2437990065153921,0.000905987,-0.090388655,-0.227252543,  0.9999991664014996,0.001160262,-0.000566559,-0.001147731,  0.9997652239153438,0.021637462,0.000591531,-0.021636794,  0.9997657221811382
25.8,0,0,  0.2298993015676718,-0.000640355,-0.025692629,-0.239366332,0.999999189,0.001151482,-0.00054423,-0.001148305,  0.9999825014144268,0.005803297,0.000550903,-0.005802668,  0.9999830126321113
25.9,0,0,  0.2010027374375386,0.000850451,0.041632867,-0.268593226,  0.9999992032036079,0.001142665,-0.000536572,-0.00114829,  0.9999431173058909,-0.010603942,0.000524425,0.010604549,  0.9999436326660545
26,0,0,  0.1647460969021119,-0.000577975,0.070471669,-0.245226037,  0.9999992107421931,0.001134963,-0.000538863,-0.001148072,  0.9996871854289545,-0.024984259,0.000510338,0.024984858,  0.9996876994386773
26.1,0,0,  0.1358711933272118,-0.000702334,  0.1001549266680454,-0.27881448,  0.9999992069044397,0.001129286,-0.000557586,-0.001148274,  0.9993755491814419,-0.035315622,0.000517357,0.035316234,  0.9993760533117624
26.2,0,0,  0.1141931629815038,0.000495868,  0.1149793388429771,-0.30133071,  0.9999991925409469,0.001126509,-0.000588129,-0.001149235,  0.9991914307245559,-0.040189103,0.00054238,0.040189747,  0.9991919185427192
26.3,0,0,0.099477986,-0.000584795,0.082155143,-0.262555618,  0.9999991857655143,0.001127198,-0.000598242,-0.00114969,  0.9992373097757177,-0.039031743,0.000553789,0.039032399,  0.9992377920906862
26.4,0,0,  0.1020842362437651,0.00023726,0.095760264,-0.308856417,  0.9999991791339656,0.001131109,-0.000601933,-0.001150071,  0.9994712763470115,-0.03249377,0.000564861,0.032494436,  0.9994717567716075
26.5,0,0,  0.1147768428260195,-0.000103348,0.062350145,-0.29845285,  0.9999991866024353,0.001137704,-0.000576562,-0.001149773,  0.9997706973944875,-0.021382952,0.000552103,0.021383598,  0.9997711922847703
26.6,0,0,  0.1338176556690317,-0.000535917,0.018839534,-0.278296791,  0.9999992018024898,0.001145485,-0.000533159,-0.001149388,  0.9999721134879346,-0.007379102,0.000524692,0.007379709,  0.9999726319197078
26.7,0,0,  0.1593001861288873,-0.000617856,-0.019338894,-0.252796416,  0.9999992075174664,0.00115307,-0.000505365,-0.001149374,  0.9999730254181334,0.007254473,0.000513717,-0.007253886,  0.9999735582650242
26.8,0,0,  0.1911125242406519,0.000299649,-0.057904526,-0.222027409,  0.9999992029339837,0.001159666,-0.000499306,-0.00114923,  0.9997909027243524,0.020416417,0.000522877,-0.020415827,  0.9997914385482124
26.9,0,0,  0.2214015700762088,0.000222746,-0.124187631,-0.254617775,  0.9999992031308141,0.001164419,-0.000487716,-0.001149238,  0.9995477913511892,0.030048162,0.000522484,-0.030047578,  0.9995483330360551
27,0,0,  0.2355145263387307,-0.00065548,-0.142763503,-0.237208032,  0.9999992101141475,0.001166492,-0.000468047,-0.001149724,  0.9994090523704144,0.034354391,0.000507845,-0.034353826,  0.9994096040939426
27.1,0,0,  0.2337803794799874,0.000628848,-0.13805843,-0.238822545,  0.9999992119391868,0.00116574,-0.000466017,-0.001149854,  0.9994630270348898,0.032746533,0.000503941,-0.032745971,  0.9994635798276228
27.2,0,0,  0.2165740064997398,-0.000603675,-0.106102362,-0.254948451,  0.9999992136052702,0.001162438,-0.000470666,-0.001149986,  0.9996704525441038,0.025644957,0.000500322,-0.025644396,  0.9996710031950262
27.3,0,0,0.184158155,4.12668936345941e-05,-0.041555762,-0.228550834,  0.9999992126777502,0.001157045,-0.000485686,-0.001149906,  0.9998949366633864,0.014449683,0.000502354,-0.014449114,  0.9998954799170043
27.4,0,0,  0.1517283694067735,-0.000811922,-0.005498458,-0.260115009,  0.9999992135564524,0.001150607,-0.000498989,-0.001149949,  0.9999984709698937,0.001317451,0.000500504,-0.001316876,  0.9999990076664469
27.5,0,0,  0.1269195824985942,3.093740332064831e-05,0.033329896,-0.285525328,  0.9999991984551111,0.001143883,-0.00054279,-0.001150148,  0.9999310444222484,-0.011686897,0.000529384,0.011687512,  0.9999315585678167
27.6,0,0,  0.1093444480594655,0.001135894,0.063816605,-0.303932426,  0.9999991708578504,0.001137608,-0.000603433,-0.001150985,  0.9997427536565522,-0.022651749,0.000577509,0.022652425,  0.9997432340983888
27.7,0,0,0.098707238,0.000240199,0.063635584,-0.262931893,  0.9999991588506159,0.001133055,-0.000631256,-0.001151479,  0.9995494608648787,-0.029992489,0.000596988,0.02999319,  0.9995499247836224
27.8,0,0,  0.1054905419041272,-0.000103135,0.097060644,-0.305521374,  0.9999991592283924,0.001131204,-0.000633972,-0.001151458,  0.9994575064947243,-0.032914539,0.000596395,0.032915241,  0.9994579687138224
27.9,0,0,0.122349778,0.00057726,0.08850634,-0.292105123,  0.9999991608945292,0.00113249,-0.000629028,-0.001151381,  0.9995221033822403,-0.030890762,0.000593744,0.03089146,  0.9995225686061234
28,0,0,  0.1455661052638384,-0.000103167,0.069565666,-0.268018813,0.999999171,0.00113658,-0.00060486,-0.00115094,  0.9997041584769926,-0.024295491,0.000577067,0.024296167,  0.9997046380230912
28.1,0,0,  0.1749173985322158,0.000247525,0.040820957,-0.237818059,  0.9999991879166179,0.001142453,-0.000564772,-0.0011504,0.999897421,-0.014276681,0.000548404,0.01427732,  0.9998979234896915
28.2,0,0,  0.2103087132771409,-0.001122422,0.009162099,-0.258822289,  0.9999992100872175,0.001148803,-0.000509978,-0.001150059,  0.9999962895918839,-0.002469447,0.000507139,0.002470031,  0.9999968208725034
28.3,0,0,  0.2370579674477274,0.000444735,-0.038051014,-0.232353186,  0.9999992180833343,0.001154605,-0.000480333,-0.001150082,  0.9999559855209588,0.009311516,0.000491063,-0.009310956,0.999956532
28.4,0,0,  0.2479099745972048,0.000577049,-0.077560656,-0.222698692,  0.9999992259038475,0.001159236,-0.000452067,-0.001150335,  0.9998147272401836,0.019214264,0.000474257,-0.019213729,  0.9998152867968246
28.5,0,0,  0.2429917892194643,-0.000472379,-0.105786642,-0.228523278,  0.9999992419077861,0.001162045,-0.00040723,-0.001151205,  0.9996696224462845,0.025677241,0.000436933,-0.025676752,  0.9996702023557995
28.6,0,0,  0.2225961813659298,1.401647474363798e-16,-0.116028834,-0.249411806,  0.9999992591940288,0.001162824,-0.000359793,-0.001152432,  0.9996170084332312,0.027649744,0.000391807,-0.027649309,  0.9996176079857514
28.7,0,0,  0.1870969092940083,-0.00092908,-0.071931455,-0.226654077,  0.9999992747062747,0.001161908,-0.000317105,-0.001153661,  0.9996898657333896,0.024876523,0.000345911,-0.02487614,  0.9996904811120738
28.8,0,0,0.151540032,-0.00068203,-0.050945541,-0.2615427,  0.9999992797946344,0.001159868,-0.000308408,-0.00115403,  0.9998318662300361,0.018300478,0.000329582,-0.018300109,  0.9998324846687929
28.9,0,0,  0.1233132181860336,-0.000514986,-0.026243691,-0.288851768,  0.9999992716612067,0.001156948,-0.000343727,-0.001153726,  0.9999567222423201,0.009231607,0.000354392,-0.009231203,  0.9999573287358404
29,0,0,  0.1025407605740578,-0.000277578,0.00062712,-0.309260538,  0.9999992440983003,0.001153073,-0.000426878,-0.001153473,0.999998895,-0.00093775,0.000425797,0.000938241,  0.9999994692000927
29.1,0,0,0.096226841,4.288164665501406e-05,0.021269297,-0.260224734,  0.9999991871515456,0.001148317,-0.000554133,-0.001154222,  0.9999412766883262,-0.010775479,0.000541727,0.01077611,  0.9999417893006751
29.2,0,0,  0.1107977037414081,0.000837123,0.052645721,-0.305813516,  0.9999991060116906,0.001143258,-0.000693495,-0.001156157,  0.9998208412249383,-0.018893087,0.000671772,0.018893872,  0.9998212691832324
29.3,0,0,  0.1316420314227061,0.000722543,0.068507432,-0.281957872,0.999999041,0.001139466,-0.000787456,-0.001158051,  0.9997108476000589,-0.024018329,0.000759861,0.024019217,  0.9997112082017269
29.4,0,0,  0.1586203433198358,0.0003924,0.072377117,-0.254962525,0.999999,0.001138295,-0.00083873,-0.001159291,  0.9996748461984014,-0.02547269,0.000809462,0.025473637,  0.9996751665460598
29.5,0,0,  0.1916121054392152,0.001341451,0.06627799,-0.221860913,  0.9999989793264109,0.001140275,-0.000860883,-0.001159907,  0.9997311023425781,-0.023159828,0.000834243,0.023160803,  0.9997314045567324
29.6,0,0,  0.2230586395557368,-0.000104946,0.070431589,-0.251166633,  0.9999990024798876,0.001145197,-0.000826779,-0.00115939,  0.9998483642645429,-0.017375393,0.000806756,0.017376335,  0.9998486946250325
29.7,0,0,  0.2382886311058366,0.001518126,0.035819919,-0.231163042,  0.9999990509371706,0.00115193,-0.000755766,-0.001158598,  0.9999598778392867,-0.008882588,0.000745503,0.008883455,  0.9999602634387149
29.8,0,0,  0.2378432953587805,0.000691725,-0.005442443,-0.23106713,  0.9999991227118422,0.001158712,-0.000641842,-0.001158192,  0.9999990005243038,0.00081089,0.000642781,-0.000810146,  0.9999994652479682
29.9,0,0,  0.2221829274471424,0.00086252,-0.040786722,-0.247408645,  0.9999991831044446,0.001164097,-0.000527891,-0.001158743,  0.9999490155329689,0.010031134,0.000539541,-0.010030514,  0.9999495475685702
30,0,0,  0.1915361819030086,-8.27E-05,-0.04870311,-0.221508135,  0.9999992327998393,0.001167549,-0.000413797,-0.001160199,  0.9998489982253569,0.01733882,0.000433979,-0.017338327,  0.9998495857307138
30.1,0,0,  0.1607603262826239,-0.000124044,-0.062786851,-0.252486052,  0.9999992716504765,0.001169195,-0.000299469,-0.001162378,  0.9997609906191869,0.021831411,0.000324923,-0.021831047,  0.9997616214902084
30.2,0,0,  0.1371635349297548,-0.000692006,-0.066184673,-0.276160915,  0.9999992965096446,0.001169507,-0.000198076,-0.001164646,  0.9997352432064401,0.022980146,0.000224899,-0.022979899,  0.9997359019635078
30.3,0,0,  0.1206153086879061,-0.000651095,-0.059415048,-0.292542109,  0.9999993060793027,0.001169142,-0.000144733,-0.001165896,  0.9997851223716505,0.020696613,0.000168899,-0.020696429,  0.9997857916980835
30.4,0,0,  0.1109148031911721,-0.000867142,-0.044647466,-0.301802471,  0.9999993072444082,0.001168405,-0.000142619,-0.001166064,  0.9998801714948092,0.015436416,0.000160638,-0.015436239,0.999880841
30.5,0,0,  0.1080287604591592,-0.001349403,-0.022414504,-0.30407264,  0.9999993000492737,0.001167189,-0.000193834,-0.001165595,  0.9999670934237201,0.008028291,0.000203198,-0.00802806,  0.9999677539651188
30.6,0,0,  0.1120604636612417,-0.001151197,-0.001151197,-0.299830585,  0.9999992721365829,0.001165107,-0.000313453,-0.001165226,  0.9999992486182737,-0.000380804,0.000313009,0.000381169,  0.9999998783678158
30.7,0,0,0.123020981,0.000144315,0.022265746,-0.289139315,  0.9999992099081936,0.001161883,-0.000479804,-0.001165953,  0.9999625700802108,-0.008573155,0.000469825,0.008573708,  0.9999631347191593
30.8,0,0,  0.1405613056246399,0.000659998,0.04333299,-0.272249535,  0.9999991199352608,0.001158094,-0.000647262,-0.001167884,  0.9998817204221523,-0.015335619,0.000629425,0.015336362,  0.9998821929807542
30.9,0,0,  0.1643380424790965,0.000847282,0.055858648,-0.248803233,  0.9999990111381533,0.001154987,-0.000802327,-0.001170549,0.999805739,-0.019675219,0.000779447,0.019676139,0.999806102
31,0,0,  0.1940946277117155,0.000733623,0.059836743,-0.219123038,  0.9999989058117796,0.001153836,-0.000925763,-0.00117306,  0.9997779338153565,-0.021040603,0.00090128,0.021041666,  0.9997781933890912
31.1,0,0,  0.2222948173270199,0.002834646,0.077204724,-0.252068496,  0.9999988398456853,0.001155682,-0.000992323,-0.001174482,  0.9998157780269613,-0.019158043,0.00097,0.019159186,  0.9998159754142681
31.2,0,0,  0.2342920405379964,0.003181461,0.057960199,-0.235734736,  0.9999988535143086,0.001160601,-0.000972612,-0.001174281,  0.9998987037576054,-0.014184614,0.000956051,0.01418574,  0.9998989202603471
31.3,0,0,  0.2305627634794451,0.000719801,0.026475592,-0.238926315,  0.9999989453365323,0.001167226,-0.00086424,-0.001173258,  0.9999747204771469,-0.007012979,0.000856032,0.007013985,0.999975035
31.4,0,0,  0.2115744972997702,0.000469974,-0.006579634,-0.257353114,  0.9999990568245666,0.001173597,-0.000713456,-0.001172839,  0.9999987490755735,0.00106127,0.000714701,-0.001060433,  0.9999991823421673
31.5,0,0,  0.1852280727652073,5.150922015039245e-05,-0.024106315,-0.223216354,  0.9999991480750011,0.001178487,-0.000561265,-0.001173554,0.999961381,0.008709689,0.000571508,-0.008709023,  0.9999619124254364
31.6,0,0,0.166260278,-0.000144389,-0.042367987,-0.246452363,  0.9999992153334006,0.00118151,-0.000416372,-0.001175194,  0.9998889475695447,0.01485636,0.000433879,-0.01485586,  0.9998895514939304
31.7,0,0,  0.1543278316645703,-0.000785286,-0.051973548,-0.258746007,  0.9999992581426351,0.001182859,-0.000290791,-0.001177235,  0.9998257213776742,0.01863172,0.00031278,-0.018631364,  0.9998263721522667
31.8,0,0,  0.1491659674383255,0.00019622,-0.055323763,-0.263891731,0.99999928,0.001183117,-0.000201023,-0.00117895,  0.9998072900226858,0.019595737,0.000224169,-0.019595486,  0.9998079649087553
31.9,0,0,  0.1506564840942378,-0.000919897,-0.050149871,-0.2623203,0.999999292,0.00118283,-0.000127346,-0.001180392,  0.9998427738020906,0.017692777,0.000148254,-0.017692614,  0.9998434624633165
32,0,0,  0.1586448968084399,-0.001278878,-0.037809406,-0.25388638,  0.9999992959017703,0.001182345,-0.000101274,-0.001180898,  0.9999114153495113,0.013257712,0.00011694,-0.013257583,  0.9999121075425897
32.1,0,0,  0.1731767970791028,-0.001812005,-0.019231957,-0.238911348,  0.9999992913418575,0.001181606,-0.000145336,-0.00118056,  0.9999748044023006,0.006999774,0.000153603,-0.006999598,  0.9999754907189806
32.2,0,0,  0.1943147072079241,-0.002261513,-0.001870888,-0.217512842,  0.9999992666284281,0.00118017,-0.000271922,-0.001180197,  0.9999992985446933,-0.000100222,0.000271803,0.000100543,  0.9999999580070831
32.3,0,0,0.214567826,-0.001190476,0.027119309,-0.258685918,0.999999194,0.001177604,-0.00047386,-0.001180917,  0.9999744328575492,-0.007052593,0.000465543,0.007053147,  0.9999750178835498
32.4,0,0,  0.2190782627972232,0.000301165,0.052284929,-0.250790355,  0.9999990792770415,0.001174337,-0.000679984,-0.001182893,  0.9999183588454533,-0.012723066,0.000664988,0.012723859,  0.9999188273126065
32.5,0,0,  0.2080868190789353,0.001245738,0.065722528,-0.262121944,  0.9999989623607746,0.00117175,-0.000838021,-0.001185129,0.999868926,-0.016147036,0.000818991,0.016148012,  0.9998692769312514
32.6,0,0,  0.1892345242498256,-3.10E-05,0.048285478,-0.220087851,0.999998868,0.001171078,-0.000944455,-0.001186896,  0.9998560580638538,-0.016924965,0.000924499,0.016926067,  0.9998563164644997
32.7,0,0,0.177333885,0.001454208,0.043347772,-0.235540532,0.999998801,0.001172791,-0.001011676,-0.001188035,  0.9998837403085251,-0.015201791,0.00099373,0.015202974,  0.9998839343008917
32.8,0,0,  0.1723571717890067,0.001866749,0.032497937,-0.24010399,  0.9999988152649071,0.00117674,-0.000992347,-0.00118787,  0.9999355481301337,-0.011291083,0.000978996,0.011292248,  0.9999357612856222
32.9,0,0,  0.1742137011550258,0.000957184,0.016148621,-0.237822503,  0.9999989099422532,0.001181863,-0.00088505,-0.001187021,  0.9999821811995291,-0.005850493,0.00087812,0.005851537,  0.9999824940580887
33,0,0,  0.1829349792621745,0.000596156,-0.002415459,-0.228884344,  0.9999990200704993,0.001186802,-0.000742535,-0.001186633,  0.9999992698913172,0.000228296,0.000742806,-0.000227414,  0.9999996982612804
33.1,0,0,  0.1985243353777497,-0.000329218,-0.017757202,-0.21347812,  0.9999991062076846,0.001190708,-0.000608111,-0.00118702,  0.9999811214695055,0.006028904,0.000615278,-0.006028177,  0.9999816410883269
33.2,0,0,  0.2132919373436168,0.000235417,-0.043826838,-0.259978717,  0.9999991671262999,0.001193301,-0.000491711,-0.001187968,  0.9999419733285289,0.010706947,0.000504459,-0.010706354,  0.9999425581057515
33.3,0,0,0.212364287,-0.000261814,-0.054706113,-0.257490102,  0.9999992166931269,0.001194512,-0.000373837,-0.001189371,  0.9999086741269432,0.013462125,0.000389884,-0.01346167,0.999909312
33.4,0,0,  0.1960350385066754,-0.001113747,-0.039775188,-0.216633483,  0.9999992457868603,0.001194673,-0.000284926,-0.001190596,  0.9999026215411088,0.013904313,0.00030151,-0.013903963,0.99990329
33.5,0,0,  0.1794048603562982,-0.001216871,-0.036351449,-0.233059286,  0.9999992562567274,0.001194229,-0.000247596,-0.001191118,  0.9999247925338898,0.012206167,0.000262154,-0.012205863,  0.9999254713131721
33.6,0,0,0.169873453,-0.000926975,-0.02407045,-0.242221221,  0.9999992532111434,0.001193355,-0.000263594,-0.001191006,  0.9999611293234292,0.008736209,0.000274009,-0.008735888,  0.9999618038563092
33.7,0,0,  0.1674035073992692,-0.001038881,-0.011818556,-0.244354652,  0.9999992337927152,0.001191983,-0.000334051,-0.001190609,  0.9999909521889844,0.00408387,0.000338916,-0.004083469,  0.9999916051742846
33.8,0,0,  0.1719676991702868,-0.000452349,0.001058908,-0.239848733,  0.9999991860031383,0.001189956,-0.000460432,-0.001190447,0.999998721,-0.001068238,0.00045916,0.001068785,  0.9999993234353723
33.9,0,0,  0.1834583454470642,-0.000329388,0.016428204,-0.228610686,  0.9999990985047382,0.001187294,-0.000627155,-0.001191045,0.999981199,-0.006015264,0.000620001,0.006016006,  0.9999817114681695
34,0,0,  0.2015855292633306,0.001046025,0.039500523,-0.268087328,  0.9999989751410793,0.001184432,-0.000804262,-0.001192436,  0.9999490288275804,-0.010025859,0.000792346,0.010026807,  0.9999494163803917
34.1,0,0,  0.2112981841386346,0.001505236,0.051557592,-0.258593555,  0.9999988756775621,0.001182417,-0.000922243,-0.001193726,  0.9999229017351163,-0.012359838,0.000907558,0.012360925,  0.9999231889820517
34.2,0,0,  0.2053726203209632,0.00161058,0.052114705,-0.264478402,0.999998845,0.001182233,-0.000955115,-0.001194135,  0.9999204302517936,-0.012558153,0.000940192,0.012559279,  0.9999206871292983
34.3,0,0,  0.1915622506801643,0.002072806,0.029741157,-0.217120335,  0.9999988928361286,0.001183949,-0.000901438,-0.001193548,0.999941796,-0.010722903,0.000888691,0.010723967,  0.9999421017077599
34.4,0,0,  0.1847750335686384,0.000494641,0.018332646,-0.227364534,  0.9999990010734435,0.001186729,-0.000767806,-0.001192374,  0.9999719605448018,-0.007392995,0.000759011,0.007393903,  0.9999723766711912
34.5,0,0,  0.1849746007019086,-0.000647615,0.006805099,-0.226843359,  0.9999991039655975,0.001189647,-0.000613847,-0.001191584,  0.9999942833227903,-0.003164403,0.000610078,0.003165132,  0.9999948048580619
34.6,0,0,  0.1921725879816726,-0.000904605,-0.005252878,-0.219677694,  0.9999991757213827,0.00119209,-0.000476948,-0.001191457,  0.9999984143110068,0.001323558,0.000478525,-0.001322988,  0.9999990103575558
34.7,0,0,  0.2062551929694525,-0.001266815,-0.022750424,-0.262920668,  0.9999992138872611,0.001193837,-0.000383378,-0.001191736,0.999984529,0.005433437,0.000389859,-0.005432976,  0.9999851652805999
34.8,0,0,  0.2121852871848381,-0.000627779,-0.034763275,-0.257155463,  0.9999992248160964,0.001194967,-0.000349889,-0.001191934,0.999962796,0.008543123,0.000360085,-0.008542699,  0.9999634456447458
34.9,0,0,0.202678255,-0.000483534,-0.041087297,-0.266797576,  0.9999992225534378,0.00119553,-0.000354402,-0.00119187,  0.9999477338749715,0.010154258,0.000366523,-0.010153828,  0.9999483813849868
35,0,0,  0.1855063152983221,-0.000525232,-0.027765191,-0.223177872,  0.9999992115114966,0.001195512,-0.000384352,-0.001191563,  0.9999481216086977,0.01011604,0.000396426,-0.010115574,  0.9999487576894345
35.1,0,0,  0.1755332237595226,-0.000411946,-0.024119464,-0.236575155,  0.9999991923972124,0.001194899,-0.000432921,-0.001191121,  0.9999620934828526,0.008625128,0.00044321,-0.008624605,  0.9999627091805225
35.2,0,0,  0.1726219689856929,-0.000822961,-0.017477626,-0.239357127,  0.9999991591348023,0.001193644,-0.000506896,-0.001190611,  0.9999816331918274,0.005942703,0.00051398,-0.005942095,  0.9999822135079325
35.3,0,0,0.176709517,-0.000246533,-0.008587571,-0.235190296,  0.9999990975470038,0.001191692,-0.000620302,-0.001190153,  0.9999962251974834,0.002476515,0.000623251,-0.002475775,  0.9999967410437851
35.4,0,0,  0.1877588597290632,0.000267297,0.001901922,-0.224136147,  0.9999990176159358,0.001189107,-0.000742153,-0.001190081,  0.9999984303779886,-0.001312612,0.000740591,0.001313494,  0.9999988631286172
35.5,0,0,  0.2056068871859924,0.001202143,0.018803084,-0.263696785,  0.9999989325868986,0.001186233,-0.00085304,-0.001190413,  0.9999872059088994,-0.004916395,0.000847197,0.004917405,0.999987551
35.6,0,0,0.21518593,0.001387798,0.029732914,-0.254186484,  0.9999988719783673,0.001183757,-0.000924534,-0.001190836,  0.9999696830972412,-0.007695115,0.000915396,0.007696207,  0.9999699647705044
35.7,0,0,  0.2091510959030108,0.001700458,0.036729889,-0.260378699,  0.9999988699032197,0.001182383,-0.000928527,-0.001190845,  0.9999572780925445,-0.009166454,0.000917649,0.009167549,  0.9999575560797783
35.8,0,0,  0.1915880294667511,0.000917242,0.024363599,-0.224375353,  0.9999989313116788,0.001182395,-0.000859836,-0.001190209,  0.9999574719766388,-0.009145362,0.000848986,0.009146375,0.999957811
35.9,0,0,  0.1774760435507468,0.000639109,0.020101021,-0.234573587,  0.9999990268857917,0.001183448,-0.000738701,-0.001189187,  0.9999687328995667,-0.007817868,0.000729426,0.007818739,  0.9999691671565358
36,0,0,  0.1704463952263939,-0.000813008,0.014479778,-0.241576376,  0.9999991242862941,0.001184994,-0.000589249,-0.001188203,0.999984307,-0.005474782,0.000582753,0.005475477,0.99998484
36.1,0,0,  0.1704838780356079,-0.000935156,0.005703422,-0.241430378,  0.9999991885470966,0.00118656,-0.00046366,-0.001187706,  0.9999962205344873,-0.002479571,0.000460716,0.002480119,  0.9999968183693541
36.2,0,0,  0.1775465272457968,-0.000380345,-0.003885691,-0.234290389,  0.9999992259279369,0.001187883,-0.000370239,-0.001187622,0.999999046,0.000704672,0.000371076,-0.000704232,  0.9999996831801192
36.3,0,0,  0.1915075208519701,-0.001130757,-0.010649671,-0.220320654,  0.9999992476117565,0.001188861,-0.000302301,-0.001187757,  0.9999927237101462,0.003625156,0.000306608,-0.003624795,  0.9999933834055174
36.4,0,0,  0.2047731978333593,-0.001410843,-0.024376225,-0.26812902,  0.9999992538357604,0.00118951,-0.000278196,-0.001187854,  0.9999820085505503,0.00587976,0.000285185,-0.005879425,  0.9999826753643166
36.5,0,0,  0.2025154815357347,-0.001385983,-0.028948745,-0.266940327,  0.9999992466178337,0.001189852,-0.00030169,-0.001187685,  0.9999742072913179,0.007083372,0.00031011,-0.007083008,  0.9999748670971954
36.6,0,0,  0.1924182431632092,-0.001204695,-0.019388386,-0.216053684,  0.9999992194557487,0.001189865,-0.000381194,-0.001187112,  0.9999737914713813,0.007141928,0.000389682,-0.00714147,  0.9999744234509141
36.7,0,0,  0.1893990284047384,-0.000925831,-0.018290299,-0.222591697,  0.9999991611047563,0.001189432,-0.000512875,-0.001186234,  0.9999801248179762,0.006192158,0.00052023,-0.006191544,  0.9999806968839261
36.8,0,0,  0.1933950861084789,-0.000174825,-0.012464007,-0.218375891,  0.9999990652026296,0.001188328,-0.000676366,-0.00118537,  0.9999898078173647,0.004356508,0.000681536,-0.004355702,  0.9999902816377649
36.9,0,0,  0.2043174780269089,0.000587314,-0.009945184,-0.26474657,  0.9999989398857444,0.001186467,-0.000844111,-0.001184846,  0.9999974597424787,0.001917459,0.000846384,-0.001916456,  0.9999978054117205
37,0,0,  0.2072285936479637,0.001541074,0.001214575,-0.261714679,0.999998829,0.001183955,-0.000970088,-0.001184758,  0.9999989553620644,-0.000828024,0.000969107,0.000829172,  0.9999991866522617
37.1,0,0,  0.1948763410076252,0.001048735,0.008163685,-0.217025387,  0.9999987724362024,0.001181322,-0.001029371,-0.00118487,  0.9999933354632604,-0.003453276,0.001025285,0.003454491,  0.9999935076200521
37.2,0,0,  0.1823817396756884,0.001214492,0.014306299,-0.229705221,  0.9999987793266973,0.001179135,-0.001025176,-0.001184825,  0.9999838008135694,-0.005567253,0.001018595,0.00556846,  0.9999839772281865
37.3,0,0,  0.1770567606280476,0.000545998,0.017193778,-0.235114664,  0.9999988557333729,0.00117784,-0.000949329,-0.00118433,  0.9999757330373145,-0.00686518,0.00094122,0.006866297,  0.9999759837490623
37.4,0,0,  0.1786817160264584,0.000267876,0.018267051,-0.233434385,  0.9999989571165102,0.001177516,-0.000836195,-0.001183521,  0.9999732537026101,-0.00721742,0.000827674,0.007218403,  0.9999736044624803
37.5,0,0,  0.1870900143670289,0.000432588,0.017530127,-0.225048066,  0.9999990515066712,0.00117797,-0.000713703,-0.00118267,  0.9999773844696872,-0.006620562,0.000705888,0.0066214,  0.9999778291479836
37.6,0,0,  0.2021725405899529,-3.92E-05,0.018975431,-0.267099416,  0.9999991324415294,0.001178925,-0.000587582,-0.001181929,  0.9999860929864682,-0.005139735,0.000581514,0.005140425,0.999986619
37.7,0,0,  0.2090509439518801,-0.000953252,0.009728389,-0.260074083,  0.9999991928273341,0.001180073,-0.000470928,-0.001181461,  0.9999949268075501,-0.002958126,0.000467435,0.00295868,  0.9999955138481266
37.8,0,0,  0.2005595378489924,-0.000391338,0.000273937,-0.268398787,  0.9999992285344743,0.001181143,-0.000384488,-0.001181311,  0.9999992076108202,-0.000435067,0.000383974,0.000435521,  0.9999998314430262
37.9,0,0,0.184512507,-0.00078125,-0.006445312,-0.22371221,  0.9999992484137949,0.001182008,-0.00032562,-0.00118135,  0.9999972751270136,0.002013492,0.000327999,-0.002013106,  0.9999979199085499
38,0,0,  0.1758464114296563,-0.001347321,-0.011128253,-0.235956219,  0.9999992513722664,0.001182641,-0.000314032,-0.001181365,  0.9999911739776234,0.004031916,0.000318798,-0.004031542,  0.9999918224863025
38.1,0,0,  0.1743970568284658,-0.000997532,-0.016042781,-0.237555154,  0.9999992354815831,0.001183093,-0.000359619,-0.001181137,  0.9999847670986766,0.005391705,0.000365993,-0.005391276,  0.9999853999876482
38.2,0,0,  0.1799813118706475,-0.001131222,-0.017204854,-0.23199357,  0.9999991977476473,0.001183291,-0.000452024,-0.001180602,  0.9999818767454359,0.005903589,0.000459001,-0.00590305,  0.9999824715042622
38.3,0,0,0.192425557,-0.000689088,-0.015910727,-0.219580582,  0.9999991199081905,0.001183077,-0.000600427,-0.001179749,  0.9999841121932236,0.005512128,0.000606938,-0.005511415,  0.9999846278495417
38.4,0,0,  0.2041389166582825,0.000182839,-0.017278307,-0.268453973,  0.9999990084492797,0.00118222,-0.000765151,-0.001178938,  0.9999901646942664,0.004275584,0.000770198,-0.004274678,  0.9999905669175075
38.5,0,0,  0.2004106445069959,0.000795825,-0.011506849,-0.268742518,  0.9999988986511528,0.001180602,-0.000899376,-0.00117849,  0.9999965564193029,0.002344848,0.000902141,-0.002343785,  0.9999968464011426
38.6,0,0,0.18903014,0.001459704,-0.001870888,-0.219135383,  0.9999988210148348,0.001178386,-0.000984568,-0.001178379,  0.9999993056763891,8.388478997029459e-06,0.000984577,-7.23E-06,  0.9999995152774752
38.7,0,0,  0.1848858507661737,0.000626927,0.004522097,-0.227059591,  0.9999988095922873,0.001176021,-0.000998894,-0.001178379,  0.9999965125964309,-0.002363518,0.000996111,0.002364692,  0.9999967079908887
38.8,0,0,  0.1878525818205125,0.001111111,0.010627572,-0.223966634,  0.9999988493287679,0.00117399,-0.000960775,-0.00117823,  0.9999895176123756,-0.004424527,0.000955571,0.004425654,  0.9999897501832821
38.9,0,0,  0.1977262457295018,0.001039522,0.015541375,-0.214324659,  0.9999989391533813,0.001172664,-0.000864033,-0.001177711,  0.9999821119406103,-0.005864196,0.00085714,0.005865207,  0.9999824321715142
39,0,0,  0.2068360252810246,0.000863535,0.025278032,-0.266374347,  0.9999990568226415,0.001172219,-0.000715721,-0.001176782,  0.9999787725830052,-0.006408554,0.000708194,0.00640939,  0.9999792088719184
39.1,0,0,0.200394974,-0.000666754,0.023388678,-0.269001766,  0.9999991663742527,0.001172524,-0.000540775,-0.001175694,  0.9999819077682709,-0.005899312,0.000533848,0.005899943,  0.9999824526874119
39.2,0,0,  0.1862237359987657,-0.000514245,0.011117968,-0.221924658,  0.9999992338747109,0.001173168,-0.000394876,-0.001174932,  0.9999892040422182,-0.004495702,0.000389597,0.004496162,  0.9999898163174314
39.3,0,0,  0.1793197673782464,-0.00124396,0.005839416,-0.232630544,  0.9999992659662383,0.001173828,-0.000300326,-0.001174592,  0.9999960395506846,-0.00255758,0.000297323,0.002557931,  0.9999966842882002
39.4,0,0,  0.1795822833752742,-0.000976462,-0.000698941,-0.232290634,  0.9999992734021895,0.001174435,-0.000271843,-0.001174542,  0.9999992325536141,-0.000394137,0.00027138,0.000394456,  0.9999998853785619
39.5,0,0,  0.1868795312600787,-0.000986741,-0.005581252,-0.224950735,  0.9999992660367301,0.001175012,-0.000295421,-0.001174518,  0.9999979204372836,0.001667222,0.000297379,-0.001666874,  0.9999985665475649
39.6,0,0,  0.2010736448899857,-0.001096463,-0.01473698,-0.267905846,  0.9999992397083277,0.001175558,-0.000372353,-0.001174305,  0.9999937123862662,0.003346072,0.000376284,-0.003345632,  0.9999943325630276
39.7,0,0,0.207172103,-0.000443922,-0.017600209,-0.261768153,  0.9999991847090133,0.001176004,-0.000497591,-0.001173806,  0.9999896543612172,0.004394696,0.000502754,-0.004394108,  0.9999902194783034
39.8,0,0,  0.1979390601348102,-5.14E-05,-0.013317565,-0.213965786,  0.9999991041054191,0.001176158,-0.000639094,-0.001173153,  0.9999883506098711,0.004682132,0.000644594,-0.004681378,  0.9999888345380513
39.9,0,0,  0.1885185924271177,0.000205656,-0.011660668,-0.22325316,  0.9999990039510513,0.001175834,-0.000780712,-0.001172515,  0.9999903316398348,0.004238141,0.000785688,-0.004237221,  0.9999907142836559
40,0,0,  0.1863132383735005,0.000174717,-0.009773895,-0.225557998,  0.9999989006572724,0.001174931,-0.000904556,-0.001172051,0.999994264,0.003177621,0.000908284,-0.003176558,  0.9999945422358225
40.1,0,0,0.191216938,0.001254628,-0.005542986,-0.220622366,  0.9999988118690033,0.001173461,-0.000999624,-0.001171819,  0.9999979649767842,0.001642219,0.001001549,-0.001641046,  0.9999981519322103
40.2,0,0,  0.2030435393460456,0.002884364,-0.002075176,-0.265883706,  0.9999987640362703,0.001171615,-0.001048449,-0.001171778,  0.9999993015022858,-0.000154699,0.001048267,0.000155928,  0.9999994384116374
40.3,0,0,  0.2068053875210819,0.001592897,0.005549027,-0.262404886,  0.9999988030034052,0.001169735,-0.001012775,-0.001171722,  0.9999973846781631,-0.001964104,0.001010475,0.001965288,  0.9999975582887487
40.4,0,0,  0.1952785647162799,0.000801892,0.008173126,-0.21662382,  0.9999989011101064,0.001168263,-0.000912655,-0.001171437,0.999993243,-0.003484594,0.000908578,0.003485659,  0.9999935123114645
40.5,0,0,  0.1836295090076722,-8.23E-05,0.011266591,-0.228252825,  0.9999990149876753,0.001167368,-0.000779279,-0.00117089,  0.9999890314966421,-0.004534964,0.000773977,0.004535872,  0.9999894133545114
40.6,0,0,  0.1791965016659137,0.000185223,0.013119984,-0.232851418,  0.9999991136895068,0.001167044,-0.000640804,-0.001170221,  0.9999869122548756,-0.004980552,0.000634983,0.004981298,  0.9999873916547677
40.7,0,0,  0.1818036729988415,-0.00040107,0.011980666,-0.230114902,0.999999192,0.001167174,-0.000503872,-0.001169549,  0.9999880902964946,-0.004738293,0.000498335,0.004738879,  0.9999886472816633
40.8,0,0,  0.1913326550651738,-0.000977366,0.008549383,-0.220494839,  0.9999992403109548,0.00116755,-0.000395228,-0.001169077,  0.9999917662464822,-0.003885962,0.000390688,0.003886421,  0.9999923715188704
40.9,0,0,  0.2076427396428322,-0.001422791,0.009254666,-0.261508506,  0.9999992597738376,0.001168014,-0.000340873,-0.001168897,  0.9999959345468115,-0.002600879,0.000337834,0.002601275,  0.9999965596117779
41,0,0,  0.2157939518359515,-0.001031062,0.002714696,-0.253162102,  0.9999992594275934,0.001168546,-0.000340065,-0.001168894,  0.9999987929390274,-0.001023625,0.000338868,0.001024022,  0.9999994182738874
41.1,0,0,  0.2085823158958597,-0.000417537,-0.005597599,-0.260375637,  0.9999992412531707,0.001169126,-0.00038812,-0.001168895,  0.9999991395359733,0.000595493,0.000388816,-0.000595039,  0.9999997473752128
41.2,0,0,  0.1900862439772517,-0.000616713,-0.006547436,-0.225592955,  0.9999992014658672,0.001169711,-0.000478375,-0.00116877,  0.9999973872512052,0.001964553,0.000480672,-0.001963992,  0.9999979558422153
41.3,0,0,  0.1753265821697588,-0.000760613,-0.009466543,-0.236486474,  0.9999991305125656,0.001170227,-0.000607901,-0.001168441,  0.9999950250079366,0.002929967,0.000611327,-0.002929254,  0.9999955228655522
41.4,0,0,0.167947907,0.000113029,-0.010172626,-0.243944477,  0.9999990228320808,0.001170531,-0.000764325,-0.001167939,  0.9999935949827534,0.003383181,0.00076828,-0.003382285,  0.9999939849295539
41.5,0,0,  0.1677996844691044,0.00032888,-0.010020555,-0.244059883,  0.9999989025881713,0.001170449,-0.000908225,-0.001167453,  0.9999938993072137,0.003292173,0.000912073,-0.003291109,  0.9999941683456028
41.6,0,0,  0.1747218559791715,0.000688592,-0.008941418,-0.237126428,  0.9999987940187166,0.001169845,-0.001021482,-0.00116711,  0.9999957451181444,0.0026735,0.001024605,-0.002672304,  0.9999959044794822
41.7,0,0,0.188556009,0.001624846,-0.005532703,-0.223328349,  0.9999987197843577,0.001168726,-0.001092936,-0.001166953,  0.9999980045564465,0.001621451,0.001094829,-0.001620174,  0.9999980881919107
41.8,0,0,  0.2091130732314337,0.002988386,-0.003171082,-0.259868966,  0.9999987172508278,0.001167263,-0.001096811,-0.001166944,  0.9999992764881118,0.000292003,0.001097151,-0.000290723,  0.9999993558701067
41.9,0,0,  0.2214366652027745,0.002193784,0.002729172,-0.247645207,  0.9999988171670692,0.001165747,-0.001003343,-0.001166891,  0.9999986693148309,-0.001140059,0.001002013,0.001141228,  0.9999988467831203
42,0,0,  0.2182901614783945,0.000574263,0.007543722,-0.250883536,  0.9999989773850723,0.001164552,-0.000830089,-0.00116657,  0.9999963560711911,-0.002434535,0.000827251,0.002435501,  0.9999966919911024
42.1,0,0,  0.2000116399035723,-0.000606559,0.007412357,-0.211978618,  0.9999991210610196,0.001163852,-0.00063508,-0.001165993,0.999993601,-0.003382027,0.00063114,0.003382764,  0.9999940792673216
42.2,0,0,  0.1780562446331492,-0.00061722,0.008610225,-0.230106027,  0.9999992150320529,0.001163574,-0.000464791,-0.001165369,  0.9999917947482428,-0.003879736,0.000460273,0.003880275,  0.9999923657792934
42.3,0,0,  0.1635328901804995,-0.001347598,0.008990845,-0.248292721,  0.9999992644246862,0.001163557,-0.000342468,-0.001164888,  0.9999916789175838,-0.003909621,0.000337916,0.003910017,  0.9999922987619553
42.4,0,0,0.156290591,-0.001285479,0.007764295,-0.255602106,  0.9999992814131314,0.001163688,-0.000288101,-0.001164684,  0.9999932726563121,-0.00347824,0.000284052,0.003478573,  0.9999939094030936
42.5,0,0,  0.1562113808451755,-0.001367047,0.005961558,-0.255720904,  0.9999992758016524,0.001163926,-0.00030606,-0.001164737,  0.9999957777313772,-0.002662312,0.00030296,0.002662667,  0.9999964092034164
42.6,0,0,  0.1631885376635421,-0.000801974,0.00257043,-0.248670774,0.999999249,0.001164295,-0.000381626,-0.001164898,  0.9999980658391431,-0.001584718,0.00037978,0.001585161,  0.9999986715152096
42.7,0,0,0.177053208,6.167763157902881e-05,-0.000627056,-0.234831761,0.999999202,0.001164805,-0.000488766,-0.001165005,  0.9999992383416069,-0.00040753,0.000488291,0.000408099,  0.9999997975134913
42.8,0,0,  0.1976652752714142,0.000102807,-0.003783284,-0.214167932,  0.9999991382212781,0.001165408,-0.000604467,-0.001164986,  0.9999990774596903,0.000698489,0.00060528,-0.000697784,  0.9999995733664891
42.9,0,0,0.217443459,0.000208823,-0.008979379,-0.255313918,  0.9999990614015744,0.001165975,-0.000719513,-0.001164851,  0.9999981055821137,0.001559472,0.00072133,-0.001558633,  0.9999985251727523
43,0,0,  0.2216450227450644,0.000626305,-0.010281837,-0.247558359,  0.9999989787993602,0.001166348,-0.000825853,-0.001164656,0.99999723,0.002045617,0.000828237,-0.002044653,  0.9999975667062276
43.1,0,0,  0.2105933548120203,0.00093958,-0.010270129,-0.258613788,  0.9999989084122821,0.001166395,-0.000907027,-0.001164485,0.999997111,0.002103046,0.000909477,-0.002101987,  0.9999973772471091
43.2,0,0,  0.1883340038119727,0.00061684,-0.005829135,-0.227286353,  0.9999988682394676,0.001166065,-0.00095069,-0.001164399,  0.9999977897179129,0.001750638,0.00095273,-0.001749529,  0.9999980157252129
43.3,0,0,  0.1698501656897751,0.001182641,-0.004977376,-0.242003792,  0.9999988755900635,0.001165434,-0.000943706,-0.001164407,  0.9999987297953631,0.001088377,0.000944974,-0.001087277,  0.9999989624265843
43.4,0,0,  0.1587643161950511,0.001326205,-0.002467359,-0.253076109,  0.9999989388968235,0.001164623,-0.000875134,-0.001164449,  0.9999993021705781,0.000199292,0.000875365,-0.000198273,  0.9999995972116003
43.5,0,0,0.154941603,0.000503908,0.00013369,-0.256871972,  0.9999990377061869,0.001163818,-0.000755059,-0.001164411,  0.9999990134162396,-0.000785693,0.000754144,0.000786571,  0.9999994062857869
43.6,0,0,  0.1582267631056174,-0.000267242,0.002662144,-0.253652503,  0.9999991298290516,0.00116317,-0.000622397,-0.001164244,  0.9999978288087853,-0.001728269,0.000620385,0.001728992,  0.9999983128525418
43.7,0,0,  0.1685017257936618,-0.000883683,0.005517879,-0.243442863,  0.9999991904213886,0.001162726,-0.000516937,-0.001164019,  0.9999961773591409,-0.002508052,0.000514019,0.002508652,  0.9999967212194401
43.8,0,0,  0.1856240636586281,-0.000997327,0.006333539,-0.226266983,  0.9999992198386993,0.001162487,-0.000457106,-0.001163853,  0.9999948227347715,-0.002999992,0.000453616,0.003000521,0.999995396
43.9,0,0,  0.2094115797744203,-0.001109805,0.010001306,-0.259683141,  0.9999992229513253,0.00116242,-0.000450418,-0.001163833,  0.9999943651581168,-0.003148832,0.000446755,0.003149354,  0.9999949409763287
44,0,0,  0.2248803705666934,-0.00078329,0.009386423,-0.244245308,  0.9999992030749395,0.001162535,-0.000492304,-0.001163961,  0.9999950965287904,-0.002907252,0.000488921,0.002907823,  0.9999956527525883
44.1,0,0,  0.2248189964375825,-0.000509072,0.006865944,-0.244380482,  0.9999991630869106,0.001162867,-0.000567068,-0.001164158,  0.9999967188623314,-0.002281885,0.000564413,0.002282544,  0.9999972357126663
44.2,0,0,  0.2095649682831134, 3.9164490861697e-05,0.004438642,-0.259525413,  0.9999991048473206,0.001163422,-0.000660873,-0.001164332,  0.9999983720636154,-0.001378478,0.000659269,0.001379246,  0.9999988315221503
44.3,0,0,  0.1868712921919056,0.000328914,-0.000503649,-0.22128855,  0.9999990401911873,0.001164148,-0.00075125,-0.001164413,  0.9999992599874455,-0.000352373,0.000750839,0.000353248,  0.9999996557285534
44.4,0,0,  0.1716846086410094,0.000586058,-0.003629447,-0.240141407,  0.9999989892010398,0.001164905,-0.000815226,-0.001164407,  0.9999991358015066,0.00061037,0.000815937,-0.00060942,  0.9999994814271039
44.5,0,0,  0.1638468567256947,0.000668243,-0.00559268,-0.248040244,  0.9999989637710547,0.001165537,-0.000844974,-0.001164378,  0.9999983835276529,0.001370097,0.00084657,-0.001369112,  0.9999987044258395
44.6,0,0,  0.1632010646435141,0.000472813,-0.006064344,-0.248644129,  0.9999989586331041,0.001165932,-0.000850491,-0.001164369,  0.9999976354247522,0.001836679,0.00085263,-0.001835687,  0.9999979516351395
44.7,0,0,  0.1696255809085981,0.000215827,-0.006505653,-0.242256076,  0.9999989678776657,0.001166046,-0.000839392,-0.00116439,  0.9999973790698171,0.001971307,0.000841689,-0.001970327,  0.9999977046828555
44.8,0,0,  0.1829745439528341,0.000164457,-0.005755987,-0.228883199,  0.9999989894814338,0.001165877,-0.000813491,-0.001164439,  0.9999977626304475,0.001766017,0.000815548,-0.001765068,0.99999811
44.9,0,0,  0.2030908741010544,0.000770235,-0.00843342,-0.265942411,  0.9999990183850332,0.001165471,-0.000777758,-0.001164495,  0.9999985356060139,0.001254089,0.000779218,-0.001253182,  0.9999989111766782
45,0,0,  0.2149795689641783,0.001187679,-0.004541895,-0.253963675,  0.9999990608841327,0.001164869,-0.000722018,-0.001164542,  0.9999992192520455,0.000453141,0.000722546,-0.000452299,  0.9999996366765249
45.1,0,0,  0.2114379947653451,0.000887265,0.000169624,-0.257501575,0.999999134,0.001164224,-0.000614261,-0.001164534,  0.9999991947166729,-0.000504408,0.000613673,0.000505123,  0.9999996841280273
45.2,0,0,  0.1928122790908579,-0.000873766,0.002271793,-0.219111409,  0.9999992126984365,0.001163717,-0.00046943,-0.001164391,  0.9999982893690526,-0.001437168,0.000467756,0.001437714,  0.9999988570910874
45.3,0,0,  0.1742233342126191,-0.000483042,0.003833505,-0.237806114,  0.9999992591647178,0.001163394,-0.00035803,-0.001164187,  0.9999968510179055,-0.002223201,0.000355442,0.002223616,  0.9999974645923398
45.4,0,0,  0.1630688321008568,-0.001367047,0.005961558,-0.248873867,  0.9999992798182523,0.001163218,-0.000295443,-0.001164031,  0.9999954973369025,-0.002765924,0.000292225,0.002766266,  0.9999961311801412
45.5,0,0,  0.1591986869159476,-0.001428718,0.006269915,-0.25269954,  0.9999992768509137,0.001163155,-0.000305563,-0.001164061,  0.9999948758973078,-0.002982137,0.000302093,0.002982491,  0.9999955067346706
45.6,0,0,  0.1624588481502499,-0.00130551,0.006054688,-0.249444463,  0.9999992487463233,0.001163196,-0.000386629,-0.0011643,  0.9999952123948458,-0.002866983,0.000383292,0.002867431,  0.9999958154535311
45.7,0,0,  0.1726986380888109,-0.000657692,0.004480526,-0.239267798,  0.9999991825522663,0.001163394,-0.00053048,-0.001164684,  0.9999963502400476,-0.00243783,0.000527642,0.002438446,0.999996888
45.8,0,0,  0.1897938217118406,-0.000267242,0.002662144,-0.222094843,  0.9999990709180032,0.001163807,-0.00070973,-0.001165065,  0.9999977463100561,-0.001774824,0.000707663,0.001775649,  0.9999981731404128
45.9,0,0,  0.2061284239271636,0.001528213,0.001528213,-0.266531132,  0.9999989308380779,0.001164462,-0.000884507,-0.00116531,  0.9999988603697961,-0.000959849,0.000883388,0.000960879,  0.9999991481682273
46,0,0,  0.2069207699982829,0.00279264,-0.002375049,-0.262038273,  0.9999988276498213,0.001165286,-0.000993382,-0.001165374,  0.9999993170541889,-8.83E-05,0.000993278,8.944157910810248e-05,  0.9999995026990322
46.1,0,0,  0.1962449349843907,0.00101789,-0.003495784,-0.219369916,  0.9999988168693158,0.001166057,-0.00100328,-0.001165376,  0.9999990900897695,0.000679499,0.001004072,-0.000678329,  0.9999992658545157
46.2,0,0,  0.1890915105521605,0.001265172,-0.005430981,-0.222753321,  0.9999988679931763,0.001166606,-0.000950285,-0.001165428,  0.9999985531421172,0.001239149,0.000951729,-0.00123804,  0.9999987807332302
46.3,0,0,  0.1890811594093204,0.000257017,-0.005839416,-0.222797231,  0.9999989670353936,0.001166857,-0.000839269,-0.001165585,0.999998173,0.00151482,0.000841035,-0.00151384,  0.9999985004735965
46.4,0,0,0.196097082,7.195723684213987e-05,-0.006085526,-0.215799183,  0.9999990725919286,0.001166837,-0.000702357,-0.001165794,0.999998219,0.001484153,0.000704088,-0.001483333,  0.9999986519907694
46.5,0,0,  0.2025591387710924,-0.000298047,-0.004645427,-0.213015513,  0.9999991582586178,0.001166616,-0.000567881,-0.001165974,  0.9999986826217178,0.001129273,0.000569197,-0.00112861,  0.9999992011262947
46.6,0,0,  0.1974239053943182,-0.000411226,-0.003855248,-0.21452002,  0.9999992213026088,0.001166294,-0.000444018,-0.001166078,  0.9999992015092519,0.000487076,0.000444585,-0.000486558,  0.9999997828027776
46.7,0,0,  0.1920459945855695,-0.000421507,-0.000904698,-0.219857183,  0.9999992531291676,0.00116597,-0.000366408,-0.001166092,  0.9999992645537623,-0.000333348,0.000366019,0.000333775,  0.9999998773119332
46.8,0,0,0.19382534,-0.001089414,0.001387461,-0.218028996,  0.9999992609919907,0.001165671,-0.000345292,-0.001166077,  0.9999986251878162,-0.001178934,0.000343917,0.001179336,  0.9999992454433152
46.9,0,0,0.20261588,-0.000992297,0.005679593,-0.266511485,  0.9999992526094256,0.001165406,-0.000369608,-0.001166117,  0.9999974565919354,-0.001930539,0.000367357,0.001930968,  0.9999980682032478
47,0,0,  0.2034229245880763,-0.000926651,0.008104933,-0.265760681,  0.9999992278774977,0.001165199,-0.000431921,-0.001166255,  0.9999963110440356,-0.00245311,0.000429061,0.002453612,  0.9999968978433871
47.1,0,0,  0.1964933781311229,-0.000861506,0.00926772,-0.268964008,  0.9999991802244725,0.001165103,-0.000531118,-0.001166511,  0.9999957817534197,-0.002660024,0.000528017,0.002660641,  0.9999963210867958
47.2,0,0,  0.1930569593240244,-0.000246584,0.005383746,-0.218847344,  0.9999990946480809,0.001165177,-0.000673102,-0.001166884,  0.9999960891533461,-0.002541665,0.000670137,0.002542448,  0.9999965434316719
47.3,0,0,  0.1967647226247451,0.000195272,0.003915725,-0.215216357,  0.9999989789201358,0.001165474,-0.00082694,-0.001167249,  0.9999970080970157,-0.002149727,0.000824432,0.00215069,  0.9999973474186999
47.4,0,0,  0.1999911194501396,0.001162432,0.002582039,-0.215628867,  0.9999988652750975,0.001166016,-0.000953864,-0.00116749,0.999998123,-0.00154653,0.000952059,0.001547642,  0.9999983491929479
47.5,0,0,  0.1990326852107982,0.001775921,0.001057717,-0.266189319,  0.9999988059606716,0.001166748,-0.001013299,-0.001167567,  0.9999989919176847,-0.000808053,0.001012355,0.000809235,0.99999916
47.6,0,0,  0.1977295171415456,0.001459704,-0.001870888,-0.21413423,  0.9999988127334265,0.001167512,-0.001005707,-0.001167569,  0.9999993168466766,-5.56E-05,0.001005642,5.675597108140301e-05,  0.9999994927318051
47.7,0,0,  0.1997645750695977,0.002022971,-0.004698512,-0.265441355,  0.9999988927010705,0.001168142,-0.000921977,-0.001167598,  0.9999991442005912,0.000590181,0.000922666,-0.000589104,  0.9999994008219194
47.8,0,0,  0.1976820035437292,0.000783392,-0.00659355,-0.267573149,  0.9999990200015964,0.001168522,-0.000771073,-0.001167725,  0.9999987851802724,0.0010325,0.000772278,-0.001031599,  0.9999991696949281
47.9,0,0,  0.1952932208536037,-0.00036999,-0.004984584,-0.216598391,  0.9999991360052664,0.001168653,-0.000601864,-0.001167918,0.999998575,0.001218701,0.000603287,-0.001217997,  0.9999990762640384
48,0,0,  0.2000139312215582,-0.001030928,-0.007607986,-0.26895451,  0.9999992129078548,0.001168616,-0.000456641,-0.001168093,  0.9999986648717644,0.001142722,0.000457976,-0.001142187,  0.9999992428325265
48.1,0,0,  0.2005771847016829,-0.000503649,-0.004070305,-0.215014984,  0.9999992564358249,0.001168475,-0.000348991,-0.0011682,  0.9999990092363893,0.000785388,0.000349908,-0.00078498,  0.9999996306855095
48.2,0,0,  0.1970452196941581,-0.001984372,-0.001758174,-0.218571379,  0.9999992800364182,0.001168295,-0.000273884,-0.001168241,  0.9999992977257727,0.000199403,0.000274117,-0.000199083,  0.9999999426128536
48.3,0,0,  0.1968953000251283,-0.000709293,-0.000164474,-0.214924825,  0.9999992782110962,0.001168106,-0.000281258,-0.001168248,  0.9999991898945997,-0.000505378,0.000280668,0.000505707,  0.9999998327431824
48.4,0,0,  0.2000586653730685,-0.001265658,0.003014092,-0.265194279,  0.9999992563288016,0.001167888,-0.000351254,-0.00116831,  0.9999985917611511,-0.001204793,0.000349847,0.001205203,  0.9999992125466328
48.5,0,0,  0.1991490263592035,-0.000875016,0.005328458,-0.266274473,  0.9999992079678015,0.001167656,-0.000469727,-0.00116849,  0.9999977345129171,-0.001779213,0.000467649,0.001779761,  0.9999983068765046
48.6,0,0,  0.1978505791522111,-0.000300104,0.006406576,-0.267577575,  0.9999991231056864,0.001167451,-0.000625177,-0.0011688,  0.9999969810435263,-0.002161437,0.000622652,0.002162166,  0.9999974686677419
48.7,0,0,  0.1962717595446227,5.139802631582645e-05,0.004152961,-0.215705255,  0.9999990010037771,0.001167347,-0.000797053,-0.001169187,  0.9999966437364325,-0.002312038,0.000794351,0.002312967,  0.9999970095899238
48.8,0,0,  0.2017816133981242,0.000913838,0.006840731,-0.267389467,  0.9999988575805648,0.001167415,-0.000960197,-0.001169561,  0.9999968131466435,-0.00223737,0.000957582,0.00223849,  0.9999970360944836
48.9,0,0,  0.1993833853798715,0.001295497,0.002837754,-0.21259774,  0.9999987329431075,0.001167757,-0.001081876,-0.001169818,  0.9999974984399921,-0.001906473,0.001079647,0.001907736,  0.9999975974493228
49,0,0,  0.1966460626903532,0.00161506,0.002036827,-0.21529402,  0.9999986763702969,0.001168312,-0.001132389,-0.001169907,  0.9999983231576485,-0.0014089,0.001130741,0.001410223,  0.9999983663461053
49.1,0,0,  0.2009450210715649,0.002127937,0.00118799,-0.268033836,  0.9999987129159189,0.00116897,-0.001098943,-0.001169874,  0.9999989772501646,-0.000822735,0.001097981,0.00082402,  0.9999990577143982
49.2,0,0,  0.2010705529817473,0.001408596,-0.001449722,-0.214490337,  0.9999988303616495,0.001169608,-0.000985542,-0.001169819,  0.9999992929476605,-0.000213608,0.000985292,0.000214761,  0.9999994915388274
49.3,0,0,  0.1971084400602901,0.000308388,-0.002991365,-0.218450704,  0.9999990067284209,0.001170082,-0.00078578,-0.001169834,  0.9999992657838294,0.000316102,0.000786149,-0.000315182,  0.9999996413146095
49.4,0,0,  0.1965501097888366,0.000102807,-0.003783284,-0.215243942,  0.9999991623201789,0.001170331,-0.000552888,-0.001169954,  0.9999990834429252,0.000681411,0.000553685,-0.000680764,  0.9999996149965545
49.5,0,0,  0.2030385554114359,-0.000939702,-0.006395197,-0.265901327,  0.9999992612246934,0.001170401,-0.000328195,-0.001170127,  0.9999989695257148,0.000831715,0.000329168,-0.00083133,  0.9999996002691692
49.6,0,0,  0.2016034367533831,-0.001461187,-0.006223092,-0.267340166,  0.9999993045666886,0.001170379,-0.000145186,-0.001170274,0.999999055,0.00072177,0.00014603,-0.0007216,  0.9999997289845887
49.7,0,0,  0.1924868118655461,-0.001870888,-0.001480263,-0.215684855,  0.9999993148598304,0.001170353,-2.35E-05,-0.001170344,  0.9999992466664843,0.000370082,2.396297484135051e-05,-0.000370054,  0.9999999312427543
49.8,0,0,  0.1905955879321779,-0.001871273,-0.001871273,-0.221366316,  0.9999993150394166,0.001170355,1.379067834241745e-05,-0.001170354,  0.9999993106973676,-9.42E-05,-1.39E-05,9.420336987385423e-05,  0.9999999954662463
49.9,0,0,  0.1957744246790133,-0.001500822,0.000678454,-0.216041324,  0.9999993140685337,0.00117035,-4.63E-05,-0.00117038,  0.9999991046470689,-0.000648781,4.554315694900321e-05,0.000648835,  0.9999997884696402
50,0,0,  0.2004422948827375,-0.001634457,0.001644737,-0.21514986,  0.9999992959817714,0.001170292,-0.000196095,-0.001170522,  0.9999986218250686,-0.001177381,0.000194717,0.00117761,  0.9999992876597191